,Ticker,W%R_range,Long Trigger,Short Trigger,HODL_return,Trade Return,delta
0,ATVI,5,-80,-20,0.39129777912071323,0.120121,-0.27117677912071325
1,ATVI,5,-80,-30,0.39129777912071323,-0.04225,-0.43354777912071324
2,ATVI,5,-80,-40,0.39129777912071323,-0.007815,-0.39911277912071325
3,ATVI,5,-80,-50,0.39129777912071323,0.049843,-0.3414547791207132
4,ATVI,5,-80,-60,0.39129777912071323,-0.317698,-0.7089957791207132
5,ATVI,5,-80,-70,0.39129777912071323,-0.21611,-0.6074077791207132
6,ATVI,5,-80,-80,0.39129777912071323,-0.085209,-0.4765067791207132
7,ATVI,5,-80,-90,0.39129777912071323,0.033485,-0.35781277912071324
8,ATVI,5,-70,-20,0.39129777912071323,0.088046,-0.3032517791207132
9,ATVI,5,-70,-30,0.39129777912071323,-0.129294,-0.5205917791207132
10,ATVI,5,-70,-40,0.39129777912071323,-0.113043,-0.5043407791207133
11,ATVI,5,-70,-50,0.39129777912071323,-0.140185,-0.5314827791207133
12,ATVI,5,-70,-60,0.39129777912071323,-0.391917,-0.7832147791207132
13,ATVI,5,-70,-70,0.39129777912071323,-0.411393,-0.8026907791207132
14,ATVI,5,-70,-80,0.39129777912071323,-0.175594,-0.5668917791207132
15,ATVI,5,-70,-90,0.39129777912071323,0.04592,-0.3453777791207132
16,ATVI,5,-60,-20,0.39129777912071323,-0.121172,-0.5124697791207132
17,ATVI,5,-60,-30,0.39129777912071323,-0.232804,-0.6241017791207133
18,ATVI,5,-60,-40,0.39129777912071323,-0.168509,-0.5598067791207132
19,ATVI,5,-60,-50,0.39129777912071323,-0.205095,-0.5963927791207132
20,ATVI,5,-60,-60,0.39129777912071323,-0.490937,-0.8822347791207132
21,ATVI,5,-60,-70,0.39129777912071323,-0.465079,-0.8563767791207133
22,ATVI,5,-60,-80,0.39129777912071323,-0.252818,-0.6441157791207133
23,ATVI,5,-60,-90,0.39129777912071323,-0.129158,-0.5204557791207132
24,ATVI,5,-50,-20,0.39129777912071323,-0.042079,-0.4333767791207132
25,ATVI,5,-50,-30,0.39129777912071323,-0.355817,-0.7471147791207132
26,ATVI,5,-50,-40,0.39129777912071323,-0.338595,-0.7298927791207133
27,ATVI,5,-50,-50,0.39129777912071323,-0.36263,-0.7539277791207133
28,ATVI,5,-50,-60,0.39129777912071323,-0.441182,-0.8324797791207132
29,ATVI,5,-50,-70,0.39129777912071323,-0.416086,-0.8073837791207132
30,ATVI,5,-50,-80,0.39129777912071323,-0.175467,-0.5667647791207132
31,ATVI,5,-50,-90,0.39129777912071323,-0.182993,-0.5742907791207132
32,ATVI,5,-40,-20,0.39129777912071323,0.095289,-0.2960087791207132
33,ATVI,5,-40,-30,0.39129777912071323,-0.263778,-0.6550757791207132
34,ATVI,5,-40,-40,0.39129777912071323,-0.378666,-0.7699637791207132
35,ATVI,5,-40,-50,0.39129777912071323,-0.354356,-0.7456537791207132
36,ATVI,5,-40,-60,0.39129777912071323,-0.446926,-0.8382237791207132
37,ATVI,5,-40,-70,0.39129777912071323,-0.401768,-0.7930657791207132
38,ATVI,5,-40,-80,0.39129777912071323,-0.169327,-0.5606247791207133
39,ATVI,5,-40,-90,0.39129777912071323,-0.230201,-0.6214987791207132
40,ATVI,5,-30,-20,0.39129777912071323,-0.28571,-0.6770077791207132
41,ATVI,5,-30,-30,0.39129777912071323,-0.54974,-0.9410377791207132
42,ATVI,5,-30,-40,0.39129777912071323,-0.377951,-0.7692487791207132
43,ATVI,5,-30,-50,0.39129777912071323,-0.352089,-0.7433867791207132
44,ATVI,5,-30,-60,0.39129777912071323,-0.438656,-0.8299537791207132
45,ATVI,5,-30,-70,0.39129777912071323,-0.396011,-0.7873087791207132
46,ATVI,5,-30,-80,0.39129777912071323,-0.268798,-0.6600957791207132
47,ATVI,5,-30,-90,0.39129777912071323,-0.327048,-0.7183457791207133
48,ATVI,5,-20,-20,0.39129777912071323,-0.450967,-0.8422647791207132
49,ATVI,5,-20,-30,0.39129777912071323,-0.395866,-0.7871637791207132
50,ATVI,5,-20,-40,0.39129777912071323,-0.154939,-0.5462367791207132
51,ATVI,5,-20,-50,0.39129777912071323,-0.069592,-0.4608897791207132
52,ATVI,5,-20,-60,0.39129777912071323,-0.321472,-0.7127697791207133
53,ATVI,5,-20,-70,0.39129777912071323,-0.230444,-0.6217417791207133
54,ATVI,5,-20,-80,0.39129777912071323,-0.240047,-0.6313447791207132
55,ATVI,5,-20,-90,0.39129777912071323,-0.457635,-0.8489327791207133
56,ATVI,5,-10,-20,0.39129777912071323,-0.372718,-0.7640157791207132
57,ATVI,5,-10,-30,0.39129777912071323,-0.32382,-0.7151177791207133
58,ATVI,5,-10,-40,0.39129777912071323,-0.122307,-0.5136047791207132
59,ATVI,5,-10,-50,0.39129777912071323,-0.021654,-0.41295177912071324
60,ATVI,5,-10,-60,0.39129777912071323,-0.240445,-0.6317427791207132
61,ATVI,5,-10,-70,0.39129777912071323,-0.212842,-0.6041397791207133
62,ATVI,5,-10,-80,0.39129777912071323,-0.271747,-0.6630447791207132
63,ATVI,5,-10,-90,0.39129777912071323,-0.397718,-0.7890157791207133
64,ATVI,20,-80,-20,0.24867796610169485,-0.019663,-0.26834096610169483
65,ATVI,20,-80,-30,0.24867796610169485,0.091422,-0.15725596610169484
66,ATVI,20,-80,-40,0.24867796610169485,-0.175653,-0.42433096610169485
67,ATVI,20,-80,-50,0.24867796610169485,-0.14776,-0.39643796610169485
68,ATVI,20,-80,-60,0.24867796610169485,-0.37113,-0.6198079661016949
69,ATVI,20,-80,-70,0.24867796610169485,0.007651,-0.24102696610169486
70,ATVI,20,-80,-80,0.24867796610169485,-0.149846,-0.3985239661016948
71,ATVI,20,-80,-90,0.24867796610169485,-0.013694,-0.26237196610169483
72,ATVI,20,-70,-20,0.24867796610169485,-0.220117,-0.46879496610169485
73,ATVI,20,-70,-30,0.24867796610169485,-0.161532,-0.41020996610169486
74,ATVI,20,-70,-40,0.24867796610169485,-0.376825,-0.6255029661016949
75,ATVI,20,-70,-50,0.24867796610169485,-0.386815,-0.6354929661016948
76,ATVI,20,-70,-60,0.24867796610169485,-0.548315,-0.7969929661016948
77,ATVI,20,-70,-70,0.24867796610169485,-0.305122,-0.5537999661016948
78,ATVI,20,-70,-80,0.24867796610169485,-0.217384,-0.4660619661016948
79,ATVI,20,-70,-90,0.24867796610169485,0.099549,-0.14912896610169485
80,ATVI,20,-60,-20,0.24867796610169485,-0.29731,-0.5459879661016949
81,ATVI,20,-60,-30,0.24867796610169485,-0.277647,-0.5263249661016949
82,ATVI,20,-60,-40,0.24867796610169485,-0.277745,-0.5264229661016948
83,ATVI,20,-60,-50,0.24867796610169485,-0.327832,-0.5765099661016948
84,ATVI,20,-60,-60,0.24867796610169485,-0.357327,-0.6060049661016949
85,ATVI,20,-60,-70,0.24867796610169485,-0.287597,-0.5362749661016948
86,ATVI,20,-60,-80,0.24867796610169485,-0.238591,-0.48726896610169484
87,ATVI,20,-60,-90,0.24867796610169485,0.135185,-0.11349296610169485
88,ATVI,20,-50,-20,0.24867796610169485,0.141126,-0.10755196610169485
89,ATVI,20,-50,-30,0.24867796610169485,0.279983,0.031305033898305135
90,ATVI,20,-50,-40,0.24867796610169485,0.168793,-0.07988496610169485
91,ATVI,20,-50,-50,0.24867796610169485,-0.181377,-0.43005496610169486
92,ATVI,20,-50,-60,0.24867796610169485,-0.256183,-0.5048609661016948
93,ATVI,20,-50,-70,0.24867796610169485,0.002479,-0.24619896610169484
94,ATVI,20,-50,-80,0.24867796610169485,-0.125877,-0.3745549661016948
95,ATVI,20,-50,-90,0.24867796610169485,0.0739,-0.17477796610169485
96,ATVI,20,-40,-20,0.24867796610169485,0.150522,-0.09815596610169486
97,ATVI,20,-40,-30,0.24867796610169485,0.20849,-0.04018796610169484
98,ATVI,20,-40,-40,0.24867796610169485,-0.058295,-0.30697296610169483
99,ATVI,20,-40,-50,0.24867796610169485,-0.067778,-0.31645596610169485
100,ATVI,20,-40,-60,0.24867796610169485,-0.076318,-0.32499596610169484
101,ATVI,20,-40,-70,0.24867796610169485,0.114414,-0.13426396610169483
102,ATVI,20,-40,-80,0.24867796610169485,-0.008536,-0.25721396610169484
103,ATVI,20,-40,-90,0.24867796610169485,-0.012411,-0.26108896610169485
104,ATVI,20,-30,-20,0.24867796610169485,-0.022791,-0.27146896610169485
105,ATVI,20,-30,-30,0.24867796610169485,-0.047408,-0.29608596610169485
106,ATVI,20,-30,-40,0.24867796610169485,-0.167018,-0.41569596610169485
107,ATVI,20,-30,-50,0.24867796610169485,-0.03417,-0.2828479661016948
108,ATVI,20,-30,-60,0.24867796610169485,0.043439,-0.20523896610169484
109,ATVI,20,-30,-70,0.24867796610169485,0.073104,-0.17557396610169484
110,ATVI,20,-30,-80,0.24867796610169485,0.006481,-0.24219696610169486
111,ATVI,20,-30,-90,0.24867796610169485,-0.072065,-0.32074296610169484
112,ATVI,20,-20,-20,0.24867796610169485,-0.093685,-0.34236296610169487
113,ATVI,20,-20,-30,0.24867796610169485,0.110001,-0.13867696610169483
114,ATVI,20,-20,-40,0.24867796610169485,0.020793,-0.22788496610169484
115,ATVI,20,-20,-50,0.24867796610169485,0.045123,-0.20355496610169485
116,ATVI,20,-20,-60,0.24867796610169485,0.024749,-0.22392896610169485
117,ATVI,20,-20,-70,0.24867796610169485,0.11551,-0.13316796610169485
118,ATVI,20,-20,-80,0.24867796610169485,-0.024646,-0.27332396610169485
119,ATVI,20,-20,-90,0.24867796610169485,-0.218347,-0.46702496610169486
120,ATVI,20,-10,-20,0.24867796610169485,-0.104476,-0.35315396610169486
121,ATVI,20,-10,-30,0.24867796610169485,-0.040042,-0.28871996610169487
122,ATVI,20,-10,-40,0.24867796610169485,-0.178383,-0.42706096610169486
123,ATVI,20,-10,-50,0.24867796610169485,-0.206441,-0.4551189661016949
124,ATVI,20,-10,-60,0.24867796610169485,-0.156127,-0.4048049661016948
125,ATVI,20,-10,-70,0.24867796610169485,-0.072267,-0.3209449661016949
126,ATVI,20,-10,-80,0.24867796610169485,-0.188806,-0.4374839661016948
127,ATVI,20,-10,-90,0.24867796610169485,-0.338955,-0.5876329661016948
128,ATVI,35,-80,-20,0.3321278750180819,0.089553,-0.2425748750180819
129,ATVI,35,-80,-30,0.3321278750180819,-0.033092,-0.3652198750180819
130,ATVI,35,-80,-40,0.3321278750180819,-0.114407,-0.44653487501808187
131,ATVI,35,-80,-50,0.3321278750180819,-0.213835,-0.5459628750180818
132,ATVI,35,-80,-60,0.3321278750180819,-0.17479,-0.5069178750180818
133,ATVI,35,-80,-70,0.3321278750180819,-0.076934,-0.4090618750180819
134,ATVI,35,-80,-80,0.3321278750180819,-0.12311,-0.4552378750180819
135,ATVI,35,-80,-90,0.3321278750180819,0.25011,-0.08201787501808189
136,ATVI,35,-70,-20,0.3321278750180819,-0.109932,-0.44205987501808186
137,ATVI,35,-70,-30,0.3321278750180819,-0.223648,-0.5557758750180819
138,ATVI,35,-70,-40,0.3321278750180819,-0.367375,-0.6995028750180818
139,ATVI,35,-70,-50,0.3321278750180819,-0.144672,-0.47679987501808185
140,ATVI,35,-70,-60,0.3321278750180819,-0.133396,-0.4655238750180819
141,ATVI,35,-70,-70,0.3321278750180819,-0.216761,-0.5488888750180819
142,ATVI,35,-70,-80,0.3321278750180819,-0.174728,-0.5068558750180818
143,ATVI,35,-70,-90,0.3321278750180819,0.211417,-0.12071087501808189
144,ATVI,35,-60,-20,0.3321278750180819,-0.120533,-0.4526608750180819
145,ATVI,35,-60,-30,0.3321278750180819,-0.255282,-0.5874098750180818
146,ATVI,35,-60,-40,0.3321278750180819,-0.279541,-0.6116688750180819
147,ATVI,35,-60,-50,0.3321278750180819,-0.243132,-0.5752598750180818
148,ATVI,35,-60,-60,0.3321278750180819,-0.373888,-0.7060158750180818
149,ATVI,35,-60,-70,0.3321278750180819,-0.285191,-0.6173188750180818
150,ATVI,35,-60,-80,0.3321278750180819,-0.192897,-0.5250248750180819
151,ATVI,35,-60,-90,0.3321278750180819,0.175594,-0.15653387501808189
152,ATVI,35,-50,-20,0.3321278750180819,-0.172104,-0.5042318750180819
153,ATVI,35,-50,-30,0.3321278750180819,-0.289105,-0.6212328750180819
154,ATVI,35,-50,-40,0.3321278750180819,-0.278812,-0.6109398750180819
155,ATVI,35,-50,-50,0.3321278750180819,-0.377898,-0.7100258750180819
156,ATVI,35,-50,-60,0.3321278750180819,-0.397515,-0.7296428750180819
157,ATVI,35,-50,-70,0.3321278750180819,-0.262133,-0.5942608750180819
158,ATVI,35,-50,-80,0.3321278750180819,-0.151125,-0.4832528750180819
159,ATVI,35,-50,-90,0.3321278750180819,0.002318,-0.3298098750180819
160,ATVI,35,-40,-20,0.3321278750180819,0.296953,-0.035174875018081864
161,ATVI,35,-40,-30,0.3321278750180819,0.014247,-0.3178808750180819
162,ATVI,35,-40,-40,0.3321278750180819,0.009829,-0.3222988750180819
163,ATVI,35,-40,-50,0.3321278750180819,-0.04576,-0.3778878750180819
164,ATVI,35,-40,-60,0.3321278750180819,-0.03828,-0.37040787501808187
165,ATVI,35,-40,-70,0.3321278750180819,-0.004047,-0.3361748750180819
166,ATVI,35,-40,-80,0.3321278750180819,-0.088984,-0.4211118750180819
167,ATVI,35,-40,-90,0.3321278750180819,-0.108472,-0.4405998750180819
168,ATVI,35,-30,-20,0.3321278750180819,0.233368,-0.0987598750180819
169,ATVI,35,-30,-30,0.3321278750180819,-0.063456,-0.3955838750180819
170,ATVI,35,-30,-40,0.3321278750180819,0.020574,-0.3115538750180819
171,ATVI,35,-30,-50,0.3321278750180819,-0.022175,-0.3543028750180819
172,ATVI,35,-30,-60,0.3321278750180819,-0.085464,-0.41759187501808187
173,ATVI,35,-30,-70,0.3321278750180819,-0.078755,-0.4108828750180819
174,ATVI,35,-30,-80,0.3321278750180819,-0.146487,-0.47861487501808186
175,ATVI,35,-30,-90,0.3321278750180819,-0.164743,-0.4968708750180819
176,ATVI,35,-20,-20,0.3321278750180819,-0.068604,-0.4007318750180819
177,ATVI,35,-20,-30,0.3321278750180819,-0.070512,-0.4026398750180819
178,ATVI,35,-20,-40,0.3321278750180819,-0.024532,-0.3566598750180819
179,ATVI,35,-20,-50,0.3321278750180819,0.02813,-0.3039978750180819
180,ATVI,35,-20,-60,0.3321278750180819,0.008571,-0.3235568750180819
181,ATVI,35,-20,-70,0.3321278750180819,0.043514,-0.2886138750180819
182,ATVI,35,-20,-80,0.3321278750180819,-0.13029,-0.46241787501808185
183,ATVI,35,-20,-90,0.3321278750180819,-0.222404,-0.5545318750180819
184,ATVI,35,-10,-20,0.3321278750180819,0.080091,-0.2520368750180819
185,ATVI,35,-10,-30,0.3321278750180819,0.064956,-0.2671718750180819
186,ATVI,35,-10,-40,0.3321278750180819,-0.117038,-0.4491658750180819
187,ATVI,35,-10,-50,0.3321278750180819,0.020293,-0.3118348750180819
188,ATVI,35,-10,-60,0.3321278750180819,0.027926,-0.3042018750180819
189,ATVI,35,-10,-70,0.3321278750180819,0.077057,-0.2550708750180819
190,ATVI,35,-10,-80,0.3321278750180819,-0.009973,-0.3421008750180819
191,ATVI,35,-10,-90,0.3321278750180819,-0.114821,-0.4469488750180819
192,ATVI,50,-80,-20,0.26150684931506846,0.111727,-0.14977984931506844
193,ATVI,50,-80,-30,0.26150684931506846,-0.106556,-0.36806284931506844
194,ATVI,50,-80,-40,0.26150684931506846,-0.031484,-0.29299084931506847
195,ATVI,50,-80,-50,0.26150684931506846,-0.3492,-0.6107068493150685
196,ATVI,50,-80,-60,0.26150684931506846,-0.286923,-0.5484298493150684
197,ATVI,50,-80,-70,0.26150684931506846,-0.39211,-0.6536168493150685
198,ATVI,50,-80,-80,0.26150684931506846,-0.285468,-0.5469748493150685
199,ATVI,50,-80,-90,0.26150684931506846,0.210599,-0.05090784931506845
200,ATVI,50,-70,-20,0.26150684931506846,0.714627,0.45312015068493156
201,ATVI,50,-70,-30,0.26150684931506846,0.480139,0.21863215068493153
202,ATVI,50,-70,-40,0.26150684931506846,0.269085,0.007578150684931562
203,ATVI,50,-70,-50,0.26150684931506846,-0.18188,-0.44338684931506844
204,ATVI,50,-70,-60,0.26150684931506846,-0.082908,-0.34441484931506844
205,ATVI,50,-70,-70,0.26150684931506846,-0.305692,-0.5671988493150685
206,ATVI,50,-70,-80,0.26150684931506846,-0.244794,-0.5063008493150685
207,ATVI,50,-70,-90,0.26150684931506846,0.312679,0.05117215068493153
208,ATVI,50,-60,-20,0.26150684931506846,-0.052988,-0.31449484931506844
209,ATVI,50,-60,-30,0.26150684931506846,-0.197895,-0.45940184931506844
210,ATVI,50,-60,-40,0.26150684931506846,0.034172,-0.22733484931506845
211,ATVI,50,-60,-50,0.26150684931506846,-0.109985,-0.37149184931506846
212,ATVI,50,-60,-60,0.26150684931506846,-0.196491,-0.4579978493150685
213,ATVI,50,-60,-70,0.26150684931506846,-0.184186,-0.4456928493150685
214,ATVI,50,-60,-80,0.26150684931506846,-0.214443,-0.47594984931506845
215,ATVI,50,-60,-90,0.26150684931506846,0.234346,-0.027160849315068458
216,ATVI,50,-50,-20,0.26150684931506846,-0.135105,-0.39661184931506843
217,ATVI,50,-50,-30,0.26150684931506846,-0.318153,-0.5796598493150684
218,ATVI,50,-50,-40,0.26150684931506846,0.23095,-0.03055684931506847
219,ATVI,50,-50,-50,0.26150684931506846,-0.271594,-0.5331008493150684
220,ATVI,50,-50,-60,0.26150684931506846,-0.239387,-0.5008938493150684
221,ATVI,50,-50,-70,0.26150684931506846,-0.192451,-0.45395784931506844
222,ATVI,50,-50,-80,0.26150684931506846,-0.133371,-0.3948778493150684
223,ATVI,50,-50,-90,0.26150684931506846,0.104071,-0.15743584931506846
224,ATVI,50,-40,-20,0.26150684931506846,-0.162069,-0.4235758493150684
225,ATVI,50,-40,-30,0.26150684931506846,-0.361594,-0.6231008493150685
226,ATVI,50,-40,-40,0.26150684931506846,0.012288,-0.24921884931506846
227,ATVI,50,-40,-50,0.26150684931506846,0.008549,-0.2529578493150685
228,ATVI,50,-40,-60,0.26150684931506846,0.124498,-0.13700884931506846
229,ATVI,50,-40,-70,0.26150684931506846,0.100001,-0.16150584931506845
230,ATVI,50,-40,-80,0.26150684931506846,0.180936,-0.08057084931506844
231,ATVI,50,-40,-90,0.26150684931506846,0.198688,-0.06281884931506845
232,ATVI,50,-30,-20,0.26150684931506846,0.39859,0.13708315068493154
233,ATVI,50,-30,-30,0.26150684931506846,0.20281,-0.05869684931506847
234,ATVI,50,-30,-40,0.26150684931506846,0.208239,-0.05326784931506845
235,ATVI,50,-30,-50,0.26150684931506846,0.130339,-0.13116784931506845
236,ATVI,50,-30,-60,0.26150684931506846,0.136867,-0.12463984931506847
237,ATVI,50,-30,-70,0.26150684931506846,0.030387,-0.23111984931506846
238,ATVI,50,-30,-80,0.26150684931506846,0.238093,-0.023413849315068458
239,ATVI,50,-30,-90,0.26150684931506846,0.19896,-0.06254684931506846
240,ATVI,50,-20,-20,0.26150684931506846,0.051889,-0.20961784931506847
241,ATVI,50,-20,-30,0.26150684931506846,0.14587,-0.11563684931506846
242,ATVI,50,-20,-40,0.26150684931506846,0.274314,0.012807150684931545
243,ATVI,50,-20,-50,0.26150684931506846,0.230824,-0.030682849315068456
244,ATVI,50,-20,-60,0.26150684931506846,0.219838,-0.04166884931506845
245,ATVI,50,-20,-70,0.26150684931506846,0.105569,-0.15593784931506846
246,ATVI,50,-20,-80,0.26150684931506846,0.236902,-0.024604849315068456
247,ATVI,50,-20,-90,0.26150684931506846,0.094346,-0.16716084931506847
248,ATVI,50,-10,-20,0.26150684931506846,0.185233,-0.07627384931506845
249,ATVI,50,-10,-30,0.26150684931506846,0.139074,-0.12243284931506845
250,ATVI,50,-10,-40,0.26150684931506846,0.287274,0.025767150684931517
251,ATVI,50,-10,-50,0.26150684931506846,0.14873,-0.11277684931506846
252,ATVI,50,-10,-60,0.26150684931506846,0.070864,-0.19064284931506847
253,ATVI,50,-10,-70,0.26150684931506846,-0.02945,-0.29095684931506843
254,ATVI,50,-10,-80,0.26150684931506846,0.178942,-0.08256484931506847
255,ATVI,50,-10,-90,0.26150684931506846,0.043062,-0.21844484931506847
256,ATVI,65,-80,-20,0.42642503097893414,0.155326,-0.2710990309789342
257,ATVI,65,-80,-30,0.42642503097893414,0.104323,-0.32210203097893414
258,ATVI,65,-80,-40,0.42642503097893414,-0.154391,-0.5808160309789341
259,ATVI,65,-80,-50,0.42642503097893414,-0.196225,-0.6226500309789341
260,ATVI,65,-80,-60,0.42642503097893414,-0.216488,-0.6429130309789342
261,ATVI,65,-80,-70,0.42642503097893414,-0.109755,-0.5361800309789342
262,ATVI,65,-80,-80,0.42642503097893414,0.010688,-0.41573703097893416
263,ATVI,65,-80,-90,0.42642503097893414,0.471813,0.045387969021065844
264,ATVI,65,-70,-20,0.42642503097893414,0.569041,0.14261596902106588
265,ATVI,65,-70,-30,0.42642503097893414,0.499767,0.07334196902106588
266,ATVI,65,-70,-40,0.42642503097893414,0.122338,-0.30408703097893414
267,ATVI,65,-70,-50,0.42642503097893414,0.066805,-0.35962003097893414
268,ATVI,65,-70,-60,0.42642503097893414,0.210418,-0.21600703097893414
269,ATVI,65,-70,-70,0.42642503097893414,0.150242,-0.27618303097893415
270,ATVI,65,-70,-80,0.42642503097893414,0.117233,-0.3091920309789341
271,ATVI,65,-70,-90,0.42642503097893414,0.746319,0.3198939690210658
272,ATVI,65,-60,-20,0.42642503097893414,-0.012479,-0.43890403097893416
273,ATVI,65,-60,-30,0.42642503097893414,-0.149571,-0.5759960309789341
274,ATVI,65,-60,-40,0.42642503097893414,-0.053823,-0.48024803097893415
275,ATVI,65,-60,-50,0.42642503097893414,0.014372,-0.41205303097893414
276,ATVI,65,-60,-60,0.42642503097893414,-0.010565,-0.43699003097893413
277,ATVI,65,-60,-70,0.42642503097893414,0.261555,-0.16487003097893416
278,ATVI,65,-60,-80,0.42642503097893414,0.186004,-0.24042103097893414
279,ATVI,65,-60,-90,0.42642503097893414,0.834557,0.40813196902106585
280,ATVI,65,-50,-20,0.42642503097893414,0.115537,-0.31088803097893414
281,ATVI,65,-50,-30,0.42642503097893414,-0.127286,-0.5537110309789341
282,ATVI,65,-50,-40,0.42642503097893414,-0.070903,-0.49732803097893413
283,ATVI,65,-50,-50,0.42642503097893414,-0.402243,-0.8286680309789342
284,ATVI,65,-50,-60,0.42642503097893414,-0.045952,-0.47237703097893413
285,ATVI,65,-50,-70,0.42642503097893414,0.253689,-0.17273603097893414
286,ATVI,65,-50,-80,0.42642503097893414,0.140161,-0.28626403097893416
287,ATVI,65,-50,-90,0.42642503097893414,0.534414,0.1079889690210658
288,ATVI,65,-40,-20,0.42642503097893414,-0.033757,-0.4601820309789341
289,ATVI,65,-40,-30,0.42642503097893414,-0.260886,-0.6873110309789341
290,ATVI,65,-40,-40,0.42642503097893414,-0.34325,-0.7696750309789342
291,ATVI,65,-40,-50,0.42642503097893414,-0.354673,-0.7810980309789342
292,ATVI,65,-40,-60,0.42642503097893414,-0.060688,-0.48711303097893416
293,ATVI,65,-40,-70,0.42642503097893414,0.286198,-0.14022703097893413
294,ATVI,65,-40,-80,0.42642503097893414,0.188538,-0.23788703097893413
295,ATVI,65,-40,-90,0.42642503097893414,0.418979,-0.007446030978934148
296,ATVI,65,-30,-20,0.42642503097893414,0.307071,-0.11935403097893416
297,ATVI,65,-30,-30,0.42642503097893414,0.074449,-0.35197603097893415
298,ATVI,65,-30,-40,0.42642503097893414,-0.021863,-0.44828803097893416
299,ATVI,65,-30,-50,0.42642503097893414,-0.105346,-0.5317710309789341
300,ATVI,65,-30,-60,0.42642503097893414,0.152664,-0.2737610309789341
301,ATVI,65,-30,-70,0.42642503097893414,0.248429,-0.17799603097893413
302,ATVI,65,-30,-80,0.42642503097893414,0.176515,-0.24991003097893413
303,ATVI,65,-30,-90,0.42642503097893414,0.354858,-0.07156703097893413
304,ATVI,65,-20,-20,0.42642503097893414,0.188802,-0.23762303097893414
305,ATVI,65,-20,-30,0.42642503097893414,0.004753,-0.42167203097893413
306,ATVI,65,-20,-40,0.42642503097893414,-0.013889,-0.4403140309789341
307,ATVI,65,-20,-50,0.42642503097893414,-0.059274,-0.48569903097893413
308,ATVI,65,-20,-60,0.42642503097893414,0.109669,-0.3167560309789341
309,ATVI,65,-20,-70,0.42642503097893414,0.160582,-0.26584303097893414
310,ATVI,65,-20,-80,0.42642503097893414,0.09374,-0.33268503097893415
311,ATVI,65,-20,-90,0.42642503097893414,0.312405,-0.11402003097893415
312,ATVI,65,-10,-20,0.42642503097893414,0.043432,-0.3829930309789341
313,ATVI,65,-10,-30,0.42642503097893414,0.033166,-0.3932590309789341
314,ATVI,65,-10,-40,0.42642503097893414,0.033746,-0.39267903097893414
315,ATVI,65,-10,-50,0.42642503097893414,0.005896,-0.4205290309789341
316,ATVI,65,-10,-60,0.42642503097893414,0.080294,-0.34613103097893416
317,ATVI,65,-10,-70,0.42642503097893414,0.001148,-0.42527703097893416
318,ATVI,65,-10,-80,0.42642503097893414,-0.056496,-0.48292103097893413
319,ATVI,65,-10,-90,0.42642503097893414,0.265055,-0.16137003097893415
320,ATVI,80,-80,-20,0.3997568019455844,-0.098314,-0.4980708019455844
321,ATVI,80,-80,-30,0.3997568019455844,-0.122914,-0.5226708019455844
322,ATVI,80,-80,-40,0.3997568019455844,-0.315575,-0.7153318019455843
323,ATVI,80,-80,-50,0.3997568019455844,-0.30516,-0.7049168019455844
324,ATVI,80,-80,-60,0.3997568019455844,-0.273755,-0.6735118019455844
325,ATVI,80,-80,-70,0.3997568019455844,-0.369647,-0.7694038019455844
326,ATVI,80,-80,-80,0.3997568019455844,0.40862,0.0088631980544156
327,ATVI,80,-80,-90,0.3997568019455844,0.761696,0.36193919805441566
328,ATVI,80,-70,-20,0.3997568019455844,0.728077,0.3283201980544156
329,ATVI,80,-70,-30,0.3997568019455844,0.627133,0.22737619805441567
330,ATVI,80,-70,-40,0.3997568019455844,0.208575,-0.19118180194558437
331,ATVI,80,-70,-50,0.3997568019455844,0.193928,-0.2058288019455844
332,ATVI,80,-70,-60,0.3997568019455844,0.479606,0.0798491980544156
333,ATVI,80,-70,-70,0.3997568019455844,0.33807,-0.0616868019455844
334,ATVI,80,-70,-80,0.3997568019455844,0.498329,0.09857219805441564
335,ATVI,80,-70,-90,0.3997568019455844,0.976724,0.5769671980544157
336,ATVI,80,-60,-20,0.3997568019455844,0.070899,-0.3288578019455844
337,ATVI,80,-60,-30,0.3997568019455844,-0.070669,-0.47042580194558437
338,ATVI,80,-60,-40,0.3997568019455844,0.003528,-0.3962288019455844
339,ATVI,80,-60,-50,0.3997568019455844,0.227264,-0.1724928019455844
340,ATVI,80,-60,-60,0.3997568019455844,0.270293,-0.12946380194558438
341,ATVI,80,-60,-70,0.3997568019455844,0.252509,-0.1472478019455844
342,ATVI,80,-60,-80,0.3997568019455844,0.396378,-0.0033788019455843754
343,ATVI,80,-60,-90,0.3997568019455844,0.860785,0.46102819805441564
344,ATVI,80,-50,-20,0.3997568019455844,0.037133,-0.3626238019455844
345,ATVI,80,-50,-30,0.3997568019455844,-0.102012,-0.5017688019455844
346,ATVI,80,-50,-40,0.3997568019455844,0.110623,-0.28913380194558436
347,ATVI,80,-50,-50,0.3997568019455844,-0.282269,-0.6820258019455844
348,ATVI,80,-50,-60,0.3997568019455844,0.141676,-0.25808080194558436
349,ATVI,80,-50,-70,0.3997568019455844,0.225981,-0.1737758019455844
350,ATVI,80,-50,-80,0.3997568019455844,0.555795,0.15603819805441566
351,ATVI,80,-50,-90,0.3997568019455844,0.737395,0.33763819805441564
352,ATVI,80,-40,-20,0.3997568019455844,-0.077558,-0.4773148019455844
353,ATVI,80,-40,-30,0.3997568019455844,-0.326358,-0.7261148019455843
354,ATVI,80,-40,-40,0.3997568019455844,-0.334929,-0.7346858019455844
355,ATVI,80,-40,-50,0.3997568019455844,-0.220619,-0.6203758019455844
356,ATVI,80,-40,-60,0.3997568019455844,0.172518,-0.22723880194558438
357,ATVI,80,-40,-70,0.3997568019455844,0.307094,-0.0926628019455844
358,ATVI,80,-40,-80,0.3997568019455844,0.600769,0.20101219805441561
359,ATVI,80,-40,-90,0.3997568019455844,0.606717,0.20696019805441557
360,ATVI,80,-30,-20,0.3997568019455844,0.206898,-0.19285880194558438
361,ATVI,80,-30,-30,0.3997568019455844,-0.000228,-0.3999848019455844
362,ATVI,80,-30,-40,0.3997568019455844,-0.201207,-0.6009638019455844
363,ATVI,80,-30,-50,0.3997568019455844,-0.121754,-0.5215108019455844
364,ATVI,80,-30,-60,0.3997568019455844,0.166261,-0.2334958019455844
365,ATVI,80,-30,-70,0.3997568019455844,0.233377,-0.16637980194558438
366,ATVI,80,-30,-80,0.3997568019455844,0.525048,0.12529119805441558
367,ATVI,80,-30,-90,0.3997568019455844,0.549082,0.14932519805441558
368,ATVI,80,-20,-20,0.3997568019455844,0.167889,-0.23186780194558437
369,ATVI,80,-20,-30,0.3997568019455844,0.041781,-0.35797580194558437
370,ATVI,80,-20,-40,0.3997568019455844,-0.069199,-0.4689558019455844
371,ATVI,80,-20,-50,0.3997568019455844,0.018047,-0.3817098019455844
372,ATVI,80,-20,-60,0.3997568019455844,0.056252,-0.34350480194558436
373,ATVI,80,-20,-70,0.3997568019455844,0.07867,-0.32108680194558437
374,ATVI,80,-20,-80,0.3997568019455844,0.376749,-0.023007801945584383
375,ATVI,80,-20,-90,0.3997568019455844,0.422152,0.022395198054415644
376,ATVI,80,-10,-20,0.3997568019455844,0.059548,-0.3402088019455844
377,ATVI,80,-10,-30,0.3997568019455844,0.03563,-0.3641268019455844
378,ATVI,80,-10,-40,0.3997568019455844,0.075853,-0.3239038019455844
379,ATVI,80,-10,-50,0.3997568019455844,0.178893,-0.2208638019455844
380,ATVI,80,-10,-60,0.3997568019455844,0.17563,-0.22412680194558438
381,ATVI,80,-10,-70,0.3997568019455844,0.094838,-0.3049188019455844
382,ATVI,80,-10,-80,0.3997568019455844,0.226595,-0.1731618019455844
383,ATVI,80,-10,-90,0.3997568019455844,0.287979,-0.1117778019455844
384,SSTK,5,-80,-20,1.067645035542307,0.427193,-0.6404520355423071
385,SSTK,5,-80,-30,1.067645035542307,-0.009824,-1.077469035542307
386,SSTK,5,-80,-40,1.067645035542307,-0.171873,-1.239518035542307
387,SSTK,5,-80,-50,1.067645035542307,-0.288151,-1.355796035542307
388,SSTK,5,-80,-60,1.067645035542307,-0.161614,-1.229259035542307
389,SSTK,5,-80,-70,1.067645035542307,0.149026,-0.9186190355423071
390,SSTK,5,-80,-80,1.067645035542307,0.382315,-0.6853300355423071
391,SSTK,5,-80,-90,1.067645035542307,0.345376,-0.722269035542307
392,SSTK,5,-70,-20,1.067645035542307,0.317574,-0.750071035542307
393,SSTK,5,-70,-30,1.067645035542307,-0.094361,-1.162006035542307
394,SSTK,5,-70,-40,1.067645035542307,-0.264592,-1.332237035542307
395,SSTK,5,-70,-50,1.067645035542307,-0.074492,-1.142137035542307
396,SSTK,5,-70,-60,1.067645035542307,0.081233,-0.986412035542307
397,SSTK,5,-70,-70,1.067645035542307,0.180747,-0.8868980355423071
398,SSTK,5,-70,-80,1.067645035542307,0.431395,-0.6362500355423071
399,SSTK,5,-70,-90,1.067645035542307,0.384248,-0.6833970355423071
400,SSTK,5,-60,-20,1.067645035542307,0.671626,-0.3960190355423071
401,SSTK,5,-60,-30,1.067645035542307,0.263705,-0.803940035542307
402,SSTK,5,-60,-40,1.067645035542307,-0.073851,-1.141496035542307
403,SSTK,5,-60,-50,1.067645035542307,0.23028,-0.837365035542307
404,SSTK,5,-60,-60,1.067645035542307,0.216772,-0.8508730355423071
405,SSTK,5,-60,-70,1.067645035542307,0.245442,-0.8222030355423071
406,SSTK,5,-60,-80,1.067645035542307,0.478723,-0.588922035542307
407,SSTK,5,-60,-90,1.067645035542307,0.65922,-0.408425035542307
408,SSTK,5,-50,-20,1.067645035542307,0.52455,-0.5430950355423071
409,SSTK,5,-50,-30,1.067645035542307,0.409479,-0.6581660355423071
410,SSTK,5,-50,-40,1.067645035542307,-0.165766,-1.2334110355423071
411,SSTK,5,-50,-50,1.067645035542307,0.112243,-0.9554020355423071
412,SSTK,5,-50,-60,1.067645035542307,0.279843,-0.787802035542307
413,SSTK,5,-50,-70,1.067645035542307,0.318576,-0.7490690355423071
414,SSTK,5,-50,-80,1.067645035542307,0.43112,-0.6365250355423071
415,SSTK,5,-50,-90,1.067645035542307,0.70185,-0.3657950355423071
416,SSTK,5,-40,-20,1.067645035542307,1.156541,0.08889596445769299
417,SSTK,5,-40,-30,1.067645035542307,2.155564,1.087918964457693
418,SSTK,5,-40,-40,1.067645035542307,0.468932,-0.598713035542307
419,SSTK,5,-40,-50,1.067645035542307,0.39184,-0.6758050355423071
420,SSTK,5,-40,-60,1.067645035542307,0.489559,-0.578086035542307
421,SSTK,5,-40,-70,1.067645035542307,0.514081,-0.553564035542307
422,SSTK,5,-40,-80,1.067645035542307,0.611012,-0.45663303554230705
423,SSTK,5,-40,-90,1.067645035542307,0.802552,-0.265093035542307
424,SSTK,5,-30,-20,1.067645035542307,-0.140748,-1.2083930355423071
425,SSTK,5,-30,-30,1.067645035542307,0.415375,-0.652270035542307
426,SSTK,5,-30,-40,1.067645035542307,0.448407,-0.619238035542307
427,SSTK,5,-30,-50,1.067645035542307,0.246746,-0.820899035542307
428,SSTK,5,-30,-60,1.067645035542307,0.076627,-0.991018035542307
429,SSTK,5,-30,-70,1.067645035542307,0.058628,-1.0090170355423072
430,SSTK,5,-30,-80,1.067645035542307,0.079477,-0.988168035542307
431,SSTK,5,-30,-90,1.067645035542307,0.247053,-0.8205920355423071
432,SSTK,5,-20,-20,1.067645035542307,0.693004,-0.3746410355423071
433,SSTK,5,-20,-30,1.067645035542307,0.778455,-0.28919003554230704
434,SSTK,5,-20,-40,1.067645035542307,0.581109,-0.48653603554230707
435,SSTK,5,-20,-50,1.067645035542307,0.232425,-0.8352200355423071
436,SSTK,5,-20,-60,1.067645035542307,0.208804,-0.8588410355423071
437,SSTK,5,-20,-70,1.067645035542307,0.138803,-0.928842035542307
438,SSTK,5,-20,-80,1.067645035542307,0.215783,-0.851862035542307
439,SSTK,5,-20,-90,1.067645035542307,0.145427,-0.9222180355423071
440,SSTK,5,-10,-20,1.067645035542307,0.86788,-0.19976503554230707
441,SSTK,5,-10,-30,1.067645035542307,0.867395,-0.20025003554230703
442,SSTK,5,-10,-40,1.067645035542307,0.552263,-0.5153820355423071
443,SSTK,5,-10,-50,1.067645035542307,0.294413,-0.773232035542307
444,SSTK,5,-10,-60,1.067645035542307,0.247666,-0.8199790355423071
445,SSTK,5,-10,-70,1.067645035542307,0.295635,-0.7720100355423071
446,SSTK,5,-10,-80,1.067645035542307,0.21218,-0.855465035542307
447,SSTK,5,-10,-90,1.067645035542307,0.018056,-1.049589035542307
448,SSTK,20,-80,-20,1.0372797107998193,0.539459,-0.49782071079981927
449,SSTK,20,-80,-30,1.0372797107998193,0.442121,-0.5951587107998193
450,SSTK,20,-80,-40,1.0372797107998193,1.469891,0.43261128920018077
451,SSTK,20,-80,-50,1.0372797107998193,0.17714,-0.8601397107998193
452,SSTK,20,-80,-60,1.0372797107998193,0.506918,-0.5303617107998193
453,SSTK,20,-80,-70,1.0372797107998193,0.128079,-0.9092007107998192
454,SSTK,20,-80,-80,1.0372797107998193,0.545454,-0.4918257107998193
455,SSTK,20,-80,-90,1.0372797107998193,0.559895,-0.47738471079981926
456,SSTK,20,-70,-20,1.0372797107998193,0.48153,-0.5557497107998193
457,SSTK,20,-70,-30,1.0372797107998193,0.353222,-0.6840577107998194
458,SSTK,20,-70,-40,1.0372797107998193,1.111534,0.07425428920018073
459,SSTK,20,-70,-50,1.0372797107998193,0.289024,-0.7482557107998193
460,SSTK,20,-70,-60,1.0372797107998193,0.618339,-0.4189407107998193
461,SSTK,20,-70,-70,1.0372797107998193,0.379611,-0.6576687107998194
462,SSTK,20,-70,-80,1.0372797107998193,0.401351,-0.6359287107998193
463,SSTK,20,-70,-90,1.0372797107998193,0.619281,-0.4179987107998193
464,SSTK,20,-60,-20,1.0372797107998193,0.433071,-0.6042087107998193
465,SSTK,20,-60,-30,1.0372797107998193,0.254309,-0.7829707107998193
466,SSTK,20,-60,-40,1.0372797107998193,1.151783,0.11450328920018071
467,SSTK,20,-60,-50,1.0372797107998193,0.201778,-0.8355017107998193
468,SSTK,20,-60,-60,1.0372797107998193,0.518998,-0.5182817107998193
469,SSTK,20,-60,-70,1.0372797107998193,0.523657,-0.5136227107998192
470,SSTK,20,-60,-80,1.0372797107998193,0.417063,-0.6202167107998193
471,SSTK,20,-60,-90,1.0372797107998193,0.569944,-0.4673357107998193
472,SSTK,20,-50,-20,1.0372797107998193,0.378955,-0.6583247107998194
473,SSTK,20,-50,-30,1.0372797107998193,0.128417,-0.9088627107998193
474,SSTK,20,-50,-40,1.0372797107998193,0.451916,-0.5853637107998193
475,SSTK,20,-50,-50,1.0372797107998193,-0.040698,-1.0779777107998192
476,SSTK,20,-50,-60,1.0372797107998193,0.383021,-0.6542587107998192
477,SSTK,20,-50,-70,1.0372797107998193,0.38236,-0.6549197107998193
478,SSTK,20,-50,-80,1.0372797107998193,0.428473,-0.6088067107998193
479,SSTK,20,-50,-90,1.0372797107998193,0.286019,-0.7512607107998193
480,SSTK,20,-40,-20,1.0372797107998193,0.045229,-0.9920507107998193
481,SSTK,20,-40,-30,1.0372797107998193,0.09441,-0.9428697107998193
482,SSTK,20,-40,-40,1.0372797107998193,-0.06988,-1.1071597107998192
483,SSTK,20,-40,-50,1.0372797107998193,0.070778,-0.9665017107998193
484,SSTK,20,-40,-60,1.0372797107998193,0.160012,-0.8772677107998192
485,SSTK,20,-40,-70,1.0372797107998193,0.116151,-0.9211287107998193
486,SSTK,20,-40,-80,1.0372797107998193,-0.005634,-1.0429137107998192
487,SSTK,20,-40,-90,1.0372797107998193,-0.088153,-1.1254327107998192
488,SSTK,20,-30,-20,1.0372797107998193,0.286567,-0.7507127107998193
489,SSTK,20,-30,-30,1.0372797107998193,0.309923,-0.7273567107998193
490,SSTK,20,-30,-40,1.0372797107998193,0.30181,-0.7354697107998193
491,SSTK,20,-30,-50,1.0372797107998193,0.190794,-0.8464857107998193
492,SSTK,20,-30,-60,1.0372797107998193,0.207233,-0.8300467107998193
493,SSTK,20,-30,-70,1.0372797107998193,0.27551,-0.7617697107998194
494,SSTK,20,-30,-80,1.0372797107998193,0.222098,-0.8151817107998193
495,SSTK,20,-30,-90,1.0372797107998193,0.022185,-1.0150947107998194
496,SSTK,20,-20,-20,1.0372797107998193,0.200056,-0.8372237107998193
497,SSTK,20,-20,-30,1.0372797107998193,0.086091,-0.9511887107998193
498,SSTK,20,-20,-40,1.0372797107998193,0.224807,-0.8124727107998193
499,SSTK,20,-20,-50,1.0372797107998193,0.067037,-0.9702427107998193
500,SSTK,20,-20,-60,1.0372797107998193,0.043357,-0.9939227107998193
501,SSTK,20,-20,-70,1.0372797107998193,0.10237,-0.9349097107998193
502,SSTK,20,-20,-80,1.0372797107998193,0.056185,-0.9810947107998192
503,SSTK,20,-20,-90,1.0372797107998193,-0.070711,-1.1079907107998193
504,SSTK,20,-10,-20,1.0372797107998193,0.412678,-0.6246017107998193
505,SSTK,20,-10,-30,1.0372797107998193,0.245867,-0.7914127107998192
506,SSTK,20,-10,-40,1.0372797107998193,0.241708,-0.7955717107998193
507,SSTK,20,-10,-50,1.0372797107998193,0.176735,-0.8605447107998193
508,SSTK,20,-10,-60,1.0372797107998193,0.095153,-0.9421267107998192
509,SSTK,20,-10,-70,1.0372797107998193,0.114803,-0.9224767107998193
510,SSTK,20,-10,-80,1.0372797107998193,0.139787,-0.8974927107998193
511,SSTK,20,-10,-90,1.0372797107998193,-0.15177,-1.1890497107998192
512,SSTK,35,-80,-20,0.945415318230852,0.99482,0.04940468176914803
513,SSTK,35,-80,-30,0.945415318230852,0.451895,-0.493520318230852
514,SSTK,35,-80,-40,0.945415318230852,0.337404,-0.608011318230852
515,SSTK,35,-80,-50,0.945415318230852,0.082904,-0.862511318230852
516,SSTK,35,-80,-60,0.945415318230852,0.475295,-0.470120318230852
517,SSTK,35,-80,-70,0.945415318230852,0.589375,-0.356040318230852
518,SSTK,35,-80,-80,0.945415318230852,0.923602,-0.021813318230851975
519,SSTK,35,-80,-90,0.945415318230852,0.736856,-0.20855931823085205
520,SSTK,35,-70,-20,0.945415318230852,0.930507,-0.014908318230852036
521,SSTK,35,-70,-30,0.945415318230852,0.411853,-0.533562318230852
522,SSTK,35,-70,-40,0.945415318230852,0.300552,-0.6448633182308521
523,SSTK,35,-70,-50,0.945415318230852,0.366654,-0.578761318230852
524,SSTK,35,-70,-60,0.945415318230852,0.929857,-0.015558318230851964
525,SSTK,35,-70,-70,0.945415318230852,1.258143,0.312727681769148
526,SSTK,35,-70,-80,0.945415318230852,1.063212,0.11779668176914804
527,SSTK,35,-70,-90,0.945415318230852,1.029047,0.08363168176914804
528,SSTK,35,-60,-20,0.945415318230852,0.776452,-0.16896331823085198
529,SSTK,35,-60,-30,0.945415318230852,0.755835,-0.18958031823085197
530,SSTK,35,-60,-40,0.945415318230852,0.668996,-0.276419318230852
531,SSTK,35,-60,-50,0.945415318230852,0.591524,-0.35389131823085196
532,SSTK,35,-60,-60,0.945415318230852,1.369516,0.42410068176914795
533,SSTK,35,-60,-70,0.945415318230852,1.533511,0.5880956817691481
534,SSTK,35,-60,-80,0.945415318230852,1.100079,0.15466368176914802
535,SSTK,35,-60,-90,0.945415318230852,0.808822,-0.13659331823085197
536,SSTK,35,-50,-20,0.945415318230852,0.954916,0.009500681769147978
537,SSTK,35,-50,-30,0.945415318230852,1.011813,0.06639768176914806
538,SSTK,35,-50,-40,0.945415318230852,0.607086,-0.338329318230852
539,SSTK,35,-50,-50,0.945415318230852,0.049484,-0.895931318230852
540,SSTK,35,-50,-60,0.945415318230852,0.708015,-0.23740031823085206
541,SSTK,35,-50,-70,0.945415318230852,0.819606,-0.12580931823085206
542,SSTK,35,-50,-80,0.945415318230852,0.592245,-0.353170318230852
543,SSTK,35,-50,-90,0.945415318230852,0.444808,-0.500607318230852
544,SSTK,35,-40,-20,0.945415318230852,0.623265,-0.32215031823085205
545,SSTK,35,-40,-30,0.945415318230852,0.85194,-0.09347531823085198
546,SSTK,35,-40,-40,0.945415318230852,-0.02221,-0.967625318230852
547,SSTK,35,-40,-50,0.945415318230852,0.406994,-0.5384213182308519
548,SSTK,35,-40,-60,0.945415318230852,0.778638,-0.16677731823085196
549,SSTK,35,-40,-70,0.945415318230852,0.827399,-0.11801631823085201
550,SSTK,35,-40,-80,0.945415318230852,0.399221,-0.546194318230852
551,SSTK,35,-40,-90,0.945415318230852,0.31822,-0.6271953182308521
552,SSTK,35,-30,-20,0.945415318230852,0.006462,-0.938953318230852
553,SSTK,35,-30,-30,0.945415318230852,0.006271,-0.939144318230852
554,SSTK,35,-30,-40,0.945415318230852,0.203342,-0.742073318230852
555,SSTK,35,-30,-50,0.945415318230852,0.259939,-0.6854763182308521
556,SSTK,35,-30,-60,0.945415318230852,0.620414,-0.325001318230852
557,SSTK,35,-30,-70,0.945415318230852,0.55348,-0.39193531823085204
558,SSTK,35,-30,-80,0.945415318230852,0.189473,-0.755942318230852
559,SSTK,35,-30,-90,0.945415318230852,0.180192,-0.765223318230852
560,SSTK,35,-20,-20,0.945415318230852,0.236515,-0.708900318230852
561,SSTK,35,-20,-30,0.945415318230852,0.154716,-0.790699318230852
562,SSTK,35,-20,-40,0.945415318230852,0.266502,-0.678913318230852
563,SSTK,35,-20,-50,0.945415318230852,0.215689,-0.729726318230852
564,SSTK,35,-20,-60,0.945415318230852,0.759081,-0.186334318230852
565,SSTK,35,-20,-70,0.945415318230852,0.559259,-0.38615631823085206
566,SSTK,35,-20,-80,0.945415318230852,0.2026,-0.742815318230852
567,SSTK,35,-20,-90,0.945415318230852,0.097025,-0.848390318230852
568,SSTK,35,-10,-20,0.945415318230852,0.214214,-0.731201318230852
569,SSTK,35,-10,-30,0.945415318230852,0.274456,-0.670959318230852
570,SSTK,35,-10,-40,0.945415318230852,0.249943,-0.695472318230852
571,SSTK,35,-10,-50,0.945415318230852,0.286294,-0.659121318230852
572,SSTK,35,-10,-60,0.945415318230852,0.755978,-0.18943731823085197
573,SSTK,35,-10,-70,0.945415318230852,0.711246,-0.23416931823085196
574,SSTK,35,-10,-80,0.945415318230852,0.319784,-0.6256313182308519
575,SSTK,35,-10,-90,0.945415318230852,0.119222,-0.8261933182308521
576,SSTK,50,-80,-20,0.7307101727447216,0.688653,-0.04205717274472165
577,SSTK,50,-80,-30,0.7307101727447216,1.345301,0.6145908272552785
578,SSTK,50,-80,-40,0.7307101727447216,0.266084,-0.4646261727447216
579,SSTK,50,-80,-50,0.7307101727447216,0.827722,0.09701182725527835
580,SSTK,50,-80,-60,0.7307101727447216,1.331643,0.6009328272552783
581,SSTK,50,-80,-70,0.7307101727447216,1.045429,0.31471882725527833
582,SSTK,50,-80,-80,0.7307101727447216,0.925583,0.19487282725527844
583,SSTK,50,-80,-90,0.7307101727447216,0.803814,0.07310382725527842
584,SSTK,50,-70,-20,0.7307101727447216,1.076522,0.34581182725527837
585,SSTK,50,-70,-30,0.7307101727447216,1.796482,1.0657718272552783
586,SSTK,50,-70,-40,0.7307101727447216,0.479597,-0.2511131727447216
587,SSTK,50,-70,-50,0.7307101727447216,1.189844,0.4591338272552783
588,SSTK,50,-70,-60,0.7307101727447216,1.779182,1.0484718272552784
589,SSTK,50,-70,-70,0.7307101727447216,1.238057,0.5073468272552784
590,SSTK,50,-70,-80,0.7307101727447216,1.185372,0.4546618272552785
591,SSTK,50,-70,-90,0.7307101727447216,1.069718,0.33900782725527834
592,SSTK,50,-60,-20,0.7307101727447216,0.785821,0.05511082725527838
593,SSTK,50,-60,-30,0.7307101727447216,1.251458,0.5207478272552784
594,SSTK,50,-60,-40,0.7307101727447216,0.219764,-0.5109461727447216
595,SSTK,50,-60,-50,0.7307101727447216,0.677747,-0.05296317274472162
596,SSTK,50,-60,-60,0.7307101727447216,1.122543,0.39183282725527846
597,SSTK,50,-60,-70,0.7307101727447216,1.046467,0.3157568272552784
598,SSTK,50,-60,-80,0.7307101727447216,1.003893,0.2731828272552783
599,SSTK,50,-60,-90,0.7307101727447216,0.759526,0.028815827255278426
600,SSTK,50,-50,-20,0.7307101727447216,0.943116,0.21240582725527835
601,SSTK,50,-50,-30,0.7307101727447216,1.48136,0.7506498272552784
602,SSTK,50,-50,-40,0.7307101727447216,0.033976,-0.6967341727447216
603,SSTK,50,-50,-50,0.7307101727447216,0.315225,-0.41548517274472163
604,SSTK,50,-50,-60,0.7307101727447216,0.868334,0.13762382725527844
605,SSTK,50,-50,-70,0.7307101727447216,0.709299,-0.021411172744721596
606,SSTK,50,-50,-80,0.7307101727447216,0.447791,-0.2829191727447216
607,SSTK,50,-50,-90,0.7307101727447216,0.305595,-0.4251151727447216
608,SSTK,50,-40,-20,0.7307101727447216,1.445868,0.7151578272552783
609,SSTK,50,-40,-30,0.7307101727447216,1.351416,0.6207058272552783
610,SSTK,50,-40,-40,0.7307101727447216,0.096971,-0.6337391727447216
611,SSTK,50,-40,-50,0.7307101727447216,0.450727,-0.2799831727447216
612,SSTK,50,-40,-60,0.7307101727447216,0.545219,-0.1854911727447216
613,SSTK,50,-40,-70,0.7307101727447216,0.506925,-0.22378517274472165
614,SSTK,50,-40,-80,0.7307101727447216,0.294759,-0.4359511727447216
615,SSTK,50,-40,-90,0.7307101727447216,0.251935,-0.4787751727447216
616,SSTK,50,-30,-20,0.7307101727447216,0.476074,-0.2546361727447216
617,SSTK,50,-30,-30,0.7307101727447216,-0.023851,-0.7545611727447216
618,SSTK,50,-30,-40,0.7307101727447216,0.069135,-0.6615751727447217
619,SSTK,50,-30,-50,0.7307101727447216,0.478733,-0.2519771727447216
620,SSTK,50,-30,-60,0.7307101727447216,0.538414,-0.19229617274472166
621,SSTK,50,-30,-70,0.7307101727447216,0.426168,-0.3045421727447216
622,SSTK,50,-30,-80,0.7307101727447216,0.247868,-0.48284217274472163
623,SSTK,50,-30,-90,0.7307101727447216,0.124445,-0.6062651727447216
624,SSTK,50,-20,-20,0.7307101727447216,0.072538,-0.6581721727447216
625,SSTK,50,-20,-30,0.7307101727447216,-0.029856,-0.7605661727447216
626,SSTK,50,-20,-40,0.7307101727447216,0.128245,-0.6024651727447217
627,SSTK,50,-20,-50,0.7307101727447216,0.55468,-0.17603017274472166
628,SSTK,50,-20,-60,0.7307101727447216,0.525446,-0.20526417274472164
629,SSTK,50,-20,-70,0.7307101727447216,0.465057,-0.2656531727447216
630,SSTK,50,-20,-80,0.7307101727447216,0.281886,-0.4488241727447216
631,SSTK,50,-20,-90,0.7307101727447216,0.264687,-0.4660231727447216
632,SSTK,50,-10,-20,0.7307101727447216,0.11699,-0.6137201727447216
633,SSTK,50,-10,-30,0.7307101727447216,0.209781,-0.5209291727447216
634,SSTK,50,-10,-40,0.7307101727447216,0.243931,-0.4867791727447216
635,SSTK,50,-10,-50,0.7307101727447216,0.564491,-0.16621917274472164
636,SSTK,50,-10,-60,0.7307101727447216,0.560158,-0.17055217274472156
637,SSTK,50,-10,-70,0.7307101727447216,0.399775,-0.3309351727447216
638,SSTK,50,-10,-80,0.7307101727447216,0.248715,-0.4819951727447216
639,SSTK,50,-10,-90,0.7307101727447216,0.332008,-0.3987021727447216
640,SSTK,65,-80,-20,0.8323511481406218,0.194426,-0.6379251481406218
641,SSTK,65,-80,-30,0.8323511481406218,0.316499,-0.5158521481406219
642,SSTK,65,-80,-40,0.8323511481406218,0.157421,-0.6749301481406218
643,SSTK,65,-80,-50,0.8323511481406218,-0.237477,-1.0698281481406218
644,SSTK,65,-80,-60,0.8323511481406218,-0.052548,-0.8848991481406219
645,SSTK,65,-80,-70,0.8323511481406218,0.94118,0.10882885185937818
646,SSTK,65,-80,-80,0.8323511481406218,0.775124,-0.0572271481406218
647,SSTK,65,-80,-90,0.8323511481406218,0.663826,-0.1685251481406218
648,SSTK,65,-70,-20,0.8323511481406218,0.41577,-0.41658114814062186
649,SSTK,65,-70,-30,0.8323511481406218,0.560471,-0.2718801481406218
650,SSTK,65,-70,-40,0.8323511481406218,0.365377,-0.4669741481406218
651,SSTK,65,-70,-50,0.8323511481406218,-0.077795,-0.9101461481406219
652,SSTK,65,-70,-60,0.8323511481406218,0.144107,-0.6882441481406218
653,SSTK,65,-70,-70,0.8323511481406218,1.141317,0.3089658518593781
654,SSTK,65,-70,-80,0.8323511481406218,1.04141,0.20905885185937811
655,SSTK,65,-70,-90,0.8323511481406218,1.121795,0.28944385185937826
656,SSTK,65,-60,-20,0.8323511481406218,0.385349,-0.44700214814062184
657,SSTK,65,-60,-30,0.8323511481406218,0.526947,-0.3054041481406218
658,SSTK,65,-60,-40,0.8323511481406218,0.297445,-0.5349061481406219
659,SSTK,65,-60,-50,0.8323511481406218,-0.18493,-1.0172811481406219
660,SSTK,65,-60,-60,0.8323511481406218,1.332076,0.4997248518593782
661,SSTK,65,-60,-70,0.8323511481406218,1.163224,0.3308728518593782
662,SSTK,65,-60,-80,0.8323511481406218,1.038297,0.2059458518593782
663,SSTK,65,-60,-90,0.8323511481406218,1.180068,0.34771685185937806
664,SSTK,65,-50,-20,0.8323511481406218,1.039529,0.2071778518593781
665,SSTK,65,-50,-30,0.8323511481406218,1.046649,0.2142978518593781
666,SSTK,65,-50,-40,0.8323511481406218,0.67473,-0.15762114814062178
667,SSTK,65,-50,-50,0.8323511481406218,0.324667,-0.5076841481406218
668,SSTK,65,-50,-60,0.8323511481406218,1.155619,0.3232678518593781
669,SSTK,65,-50,-70,0.8323511481406218,0.853511,0.021159851859378187
670,SSTK,65,-50,-80,0.8323511481406218,0.694948,-0.13740314814062182
671,SSTK,65,-50,-90,0.8323511481406218,0.852824,0.020472851859378194
672,SSTK,65,-40,-20,0.8323511481406218,0.998043,0.16569185185937818
673,SSTK,65,-40,-30,0.8323511481406218,0.687162,-0.14518914814062178
674,SSTK,65,-40,-40,0.8323511481406218,0.373543,-0.4588081481406218
675,SSTK,65,-40,-50,0.8323511481406218,0.548464,-0.2838871481406219
676,SSTK,65,-40,-60,0.8323511481406218,0.937881,0.10552985185937813
677,SSTK,65,-40,-70,0.8323511481406218,0.666291,-0.16606014814062187
678,SSTK,65,-40,-80,0.8323511481406218,0.545669,-0.2866821481406219
679,SSTK,65,-40,-90,0.8323511481406218,1.168261,0.33590985185937816
680,SSTK,65,-30,-20,0.8323511481406218,1.045975,0.21362385185937827
681,SSTK,65,-30,-30,0.8323511481406218,-0.063042,-0.8953931481406219
682,SSTK,65,-30,-40,0.8323511481406218,0.13042,-0.7019311481406219
683,SSTK,65,-30,-50,0.8323511481406218,0.575985,-0.25636614814062186
684,SSTK,65,-30,-60,0.8323511481406218,0.915533,0.08318185185937821
685,SSTK,65,-30,-70,0.8323511481406218,0.701219,-0.1311321481406218
686,SSTK,65,-30,-80,0.8323511481406218,0.517572,-0.3147791481406218
687,SSTK,65,-30,-90,0.8323511481406218,0.92487,0.09251885185937814
688,SSTK,65,-20,-20,0.8323511481406218,0.036286,-0.7960651481406218
689,SSTK,65,-20,-30,0.8323511481406218,-0.035682,-0.8680331481406218
690,SSTK,65,-20,-40,0.8323511481406218,0.04944,-0.7829111481406218
691,SSTK,65,-20,-50,0.8323511481406218,0.361381,-0.4709701481406218
692,SSTK,65,-20,-60,0.8323511481406218,0.730723,-0.10162814814062182
693,SSTK,65,-20,-70,0.8323511481406218,0.537074,-0.2952771481406218
694,SSTK,65,-20,-80,0.8323511481406218,0.371172,-0.46117914814062183
695,SSTK,65,-20,-90,0.8323511481406218,0.73914,-0.09321114814062181
696,SSTK,65,-10,-20,0.8323511481406218,0.108507,-0.7238441481406218
697,SSTK,65,-10,-30,0.8323511481406218,0.162834,-0.6695171481406218
698,SSTK,65,-10,-40,0.8323511481406218,0.061973,-0.7703781481406218
699,SSTK,65,-10,-50,0.8323511481406218,0.421748,-0.4106031481406218
700,SSTK,65,-10,-60,0.8323511481406218,0.421748,-0.4106031481406218
701,SSTK,65,-10,-70,0.8323511481406218,0.26269,-0.5696611481406219
702,SSTK,65,-10,-80,0.8323511481406218,0.126375,-0.7059761481406218
703,SSTK,65,-10,-90,0.8323511481406218,0.428677,-0.40367414814062186
704,SSTK,80,-80,-20,1.1301677297424995,0.082292,-1.0478757297424994
705,SSTK,80,-80,-30,1.1301677297424995,-0.0313,-1.1614677297424996
706,SSTK,80,-80,-40,1.1301677297424995,-0.04169,-1.1718577297424995
707,SSTK,80,-80,-50,1.1301677297424995,-0.263686,-1.3938537297424993
708,SSTK,80,-80,-60,1.1301677297424995,-0.244924,-1.3750917297424994
709,SSTK,80,-80,-70,1.1301677297424995,0.875988,-0.25417972974249947
710,SSTK,80,-80,-80,1.1301677297424995,0.849678,-0.2804897297424994
711,SSTK,80,-80,-90,1.1301677297424995,0.864179,-0.26598872974249943
712,SSTK,80,-70,-20,1.1301677297424995,0.628596,-0.5015717297424994
713,SSTK,80,-70,-30,1.1301677297424995,0.457669,-0.6724987297424995
714,SSTK,80,-70,-40,1.1301677297424995,0.428277,-0.7018907297424994
715,SSTK,80,-70,-50,1.1301677297424995,0.125097,-1.0050707297424994
716,SSTK,80,-70,-60,1.1301677297424995,0.146806,-0.9833617297424995
717,SSTK,80,-70,-70,1.1301677297424995,1.398902,0.26873427025750063
718,SSTK,80,-70,-80,1.1301677297424995,1.136495,0.006327270257500572
719,SSTK,80,-70,-90,1.1301677297424995,1.324165,0.19399727025750058
720,SSTK,80,-60,-20,1.1301677297424995,0.402659,-0.7275087297424995
721,SSTK,80,-60,-30,1.1301677297424995,0.255445,-0.8747227297424995
722,SSTK,80,-60,-40,1.1301677297424995,0.19461,-0.9355577297424995
723,SSTK,80,-60,-50,1.1301677297424995,-0.124758,-1.2549257297424994
724,SSTK,80,-60,-60,1.1301677297424995,1.273215,0.14304727025750053
725,SSTK,80,-60,-70,1.1301677297424995,1.174004,0.04383627025750059
726,SSTK,80,-60,-80,1.1301677297424995,0.995107,-0.1350607297424995
727,SSTK,80,-60,-90,1.1301677297424995,1.036156,-0.09401172974249938
728,SSTK,80,-50,-20,1.1301677297424995,0.867829,-0.2623387297424995
729,SSTK,80,-50,-30,1.1301677297424995,1.276804,0.1466362702575006
730,SSTK,80,-50,-40,1.1301677297424995,0.517335,-0.6128327297424995
731,SSTK,80,-50,-50,1.1301677297424995,0.641831,-0.4883367297424994
732,SSTK,80,-50,-60,1.1301677297424995,1.175469,0.045301270257500637
733,SSTK,80,-50,-70,1.1301677297424995,0.974305,-0.15586272974249948
734,SSTK,80,-50,-80,1.1301677297424995,0.79369,-0.33647772974249945
735,SSTK,80,-50,-90,1.1301677297424995,0.830648,-0.2995197297424994
736,SSTK,80,-40,-20,1.1301677297424995,1.374953,0.24478527025750063
737,SSTK,80,-40,-30,1.1301677297424995,1.063349,-0.06681872974249936
738,SSTK,80,-40,-40,1.1301677297424995,0.397297,-0.7328707297424994
739,SSTK,80,-40,-50,1.1301677297424995,0.882006,-0.2481617297424995
740,SSTK,80,-40,-60,1.1301677297424995,1.381695,0.25152727025750043
741,SSTK,80,-40,-70,1.1301677297424995,1.161478,0.03131027025750055
742,SSTK,80,-40,-80,1.1301677297424995,0.992041,-0.1381267297424995
743,SSTK,80,-40,-90,1.1301677297424995,1.167877,0.03770927025750059
744,SSTK,80,-30,-20,1.1301677297424995,0.582034,-0.5481337297424994
745,SSTK,80,-30,-30,1.1301677297424995,0.18507,-0.9450977297424994
746,SSTK,80,-30,-40,1.1301677297424995,0.293371,-0.8367967297424994
747,SSTK,80,-30,-50,1.1301677297424995,0.599334,-0.5308337297424994
748,SSTK,80,-30,-60,1.1301677297424995,1.360125,0.22995727025750057
749,SSTK,80,-30,-70,1.1301677297424995,1.212262,0.08209427025750049
750,SSTK,80,-30,-80,1.1301677297424995,1.056507,-0.07366072974249938
751,SSTK,80,-30,-90,1.1301677297424995,1.038227,-0.09194072974249945
752,SSTK,80,-20,-20,1.1301677297424995,-0.01123,-1.1413977297424995
753,SSTK,80,-20,-30,1.1301677297424995,-0.033633,-1.1638007297424995
754,SSTK,80,-20,-40,1.1301677297424995,0.254613,-0.8755547297424995
755,SSTK,80,-20,-50,1.1301677297424995,0.565173,-0.5649947297424994
756,SSTK,80,-20,-60,1.1301677297424995,1.124694,-0.005473729742499378
757,SSTK,80,-20,-70,1.1301677297424995,0.991608,-0.13855972974249942
758,SSTK,80,-20,-80,1.1301677297424995,0.851375,-0.27879272974249947
759,SSTK,80,-20,-90,1.1301677297424995,0.834903,-0.2952647297424995
760,SSTK,80,-10,-20,1.1301677297424995,0.143286,-0.9868817297424994
761,SSTK,80,-10,-30,1.1301677297424995,-0.061944,-1.1921117297424995
762,SSTK,80,-10,-40,1.1301677297424995,0.124566,-1.0056017297424995
763,SSTK,80,-10,-50,1.1301677297424995,0.459349,-0.6708187297424995
764,SSTK,80,-10,-60,1.1301677297424995,0.8074,-0.32276772974249945
765,SSTK,80,-10,-70,1.1301677297424995,0.69421,-0.43595772974249947
766,SSTK,80,-10,-80,1.1301677297424995,0.574909,-0.5552587297424995
767,SSTK,80,-10,-90,1.1301677297424995,0.560934,-0.5692337297424994
768,SQ,5,-80,-20,5.061199127124698,1.04806,-4.013139127124697
769,SQ,5,-80,-30,5.061199127124698,1.689837,-3.371362127124698
770,SQ,5,-80,-40,5.061199127124698,1.566138,-3.4950611271246976
771,SQ,5,-80,-50,5.061199127124698,2.012371,-3.0488281271246978
772,SQ,5,-80,-60,5.061199127124698,1.935334,-3.1258651271246976
773,SQ,5,-80,-70,5.061199127124698,2.123032,-2.938167127124698
774,SQ,5,-80,-80,5.061199127124698,1.664463,-3.3967361271246976
775,SQ,5,-80,-90,5.061199127124698,2.406521,-2.6546781271246975
776,SQ,5,-70,-20,5.061199127124698,0.933418,-4.127781127124698
777,SQ,5,-70,-30,5.061199127124698,1.619961,-3.4412381271246977
778,SQ,5,-70,-40,5.061199127124698,1.874226,-3.1869731271246975
779,SQ,5,-70,-50,5.061199127124698,1.897062,-3.1641371271246976
780,SQ,5,-70,-60,5.061199127124698,1.719688,-3.3415111271246976
781,SQ,5,-70,-70,5.061199127124698,3.947217,-1.1139821271246975
782,SQ,5,-70,-80,5.061199127124698,2.776406,-2.2847931271246975
783,SQ,5,-70,-90,5.061199127124698,3.69772,-1.3634791271246978
784,SQ,5,-60,-20,5.061199127124698,1.08646,-3.974739127124698
785,SQ,5,-60,-30,5.061199127124698,4.092972,-0.968227127124698
786,SQ,5,-60,-40,5.061199127124698,4.035779,-1.0254201271246979
787,SQ,5,-60,-50,5.061199127124698,5.401038,0.3398388728753021
788,SQ,5,-60,-60,5.061199127124698,6.483584,1.422384872875302
789,SQ,5,-60,-70,5.061199127124698,4.609775,-0.4514241271246977
790,SQ,5,-60,-80,5.061199127124698,3.470481,-1.5907181271246977
791,SQ,5,-60,-90,5.061199127124698,3.963226,-1.0979731271246975
792,SQ,5,-50,-20,5.061199127124698,0.499019,-4.562180127124698
793,SQ,5,-50,-30,5.061199127124698,2.728202,-2.3329971271246976
794,SQ,5,-50,-40,5.061199127124698,3.420537,-1.6406621271246977
795,SQ,5,-50,-50,5.061199127124698,6.664654,1.603454872875302
796,SQ,5,-50,-60,5.061199127124698,7.365959,2.3047598728753025
797,SQ,5,-50,-70,5.061199127124698,5.248193,0.186993872875302
798,SQ,5,-50,-80,5.061199127124698,4.477465,-0.5837341271246981
799,SQ,5,-50,-90,5.061199127124698,3.649314,-1.4118851271246977
800,SQ,5,-40,-20,5.061199127124698,0.17936,-4.881839127124698
801,SQ,5,-40,-30,5.061199127124698,1.992594,-3.0686051271246977
802,SQ,5,-40,-40,5.061199127124698,2.844333,-2.216866127124698
803,SQ,5,-40,-50,5.061199127124698,4.167076,-0.8941231271246979
804,SQ,5,-40,-60,5.061199127124698,3.643809,-1.4173901271246976
805,SQ,5,-40,-70,5.061199127124698,3.00862,-2.0525791271246976
806,SQ,5,-40,-80,5.061199127124698,2.871074,-2.1901251271246975
807,SQ,5,-40,-90,5.061199127124698,2.116329,-2.9448701271246978
808,SQ,5,-30,-20,5.061199127124698,-0.270093,-5.331292127124698
809,SQ,5,-30,-30,5.061199127124698,1.15131,-3.9098891271246976
810,SQ,5,-30,-40,5.061199127124698,1.608313,-3.452886127124698
811,SQ,5,-30,-50,5.061199127124698,2.883882,-2.177317127124698
812,SQ,5,-30,-60,5.061199127124698,2.59921,-2.461989127124698
813,SQ,5,-30,-70,5.061199127124698,2.499952,-2.5612471271246977
814,SQ,5,-30,-80,5.061199127124698,2.088136,-2.9730631271246977
815,SQ,5,-30,-90,5.061199127124698,1.848121,-3.2130781271246978
816,SQ,5,-20,-20,5.061199127124698,0.000935,-5.0602641271246975
817,SQ,5,-20,-30,5.061199127124698,0.669893,-4.391306127124698
818,SQ,5,-20,-40,5.061199127124698,0.966862,-4.094337127124698
819,SQ,5,-20,-50,5.061199127124698,1.881341,-3.1798581271246977
820,SQ,5,-20,-60,5.061199127124698,1.627762,-3.433437127124698
821,SQ,5,-20,-70,5.061199127124698,1.725104,-3.3360951271246977
822,SQ,5,-20,-80,5.061199127124698,1.582536,-3.4786631271246975
823,SQ,5,-20,-90,5.061199127124698,1.725492,-3.3357071271246976
824,SQ,5,-10,-20,5.061199127124698,-0.315861,-5.377060127124698
825,SQ,5,-10,-30,5.061199127124698,-0.105751,-5.166950127124697
826,SQ,5,-10,-40,5.061199127124698,0.091724,-4.9694751271246975
827,SQ,5,-10,-50,5.061199127124698,0.44051,-4.620689127124698
828,SQ,5,-10,-60,5.061199127124698,1.008005,-4.053194127124698
829,SQ,5,-10,-70,5.061199127124698,1.126656,-3.9345431271246976
830,SQ,5,-10,-80,5.061199127124698,1.754601,-3.3065981271246976
831,SQ,5,-10,-90,5.061199127124698,1.712871,-3.348328127124698
832,SQ,20,-80,-20,4.281603069707952,1.438057,-2.843546069707952
833,SQ,20,-80,-30,4.281603069707952,1.332856,-2.948747069707952
834,SQ,20,-80,-40,4.281603069707952,5.523457,1.2418539302920477
835,SQ,20,-80,-50,4.281603069707952,7.182071,2.9004679302920477
836,SQ,20,-80,-60,4.281603069707952,1.903585,-2.378018069707952
837,SQ,20,-80,-70,4.281603069707952,6.417,2.135396930292048
838,SQ,20,-80,-80,4.281603069707952,4.535868,0.2542649302920479
839,SQ,20,-80,-90,4.281603069707952,5.771114,1.489510930292048
840,SQ,20,-70,-20,4.281603069707952,0.684887,-3.596716069707952
841,SQ,20,-70,-30,4.281603069707952,0.505274,-3.776329069707952
842,SQ,20,-70,-40,4.281603069707952,3.004319,-1.2772840697079517
843,SQ,20,-70,-50,4.281603069707952,5.545665,1.2640619302920477
844,SQ,20,-70,-60,4.281603069707952,1.450865,-2.8307380697079516
845,SQ,20,-70,-70,4.281603069707952,2.964456,-1.3171470697079517
846,SQ,20,-70,-80,4.281603069707952,3.434787,-0.8468160697079519
847,SQ,20,-70,-90,4.281603069707952,3.007526,-1.274077069707952
848,SQ,20,-60,-20,4.281603069707952,0.420007,-3.861596069707952
849,SQ,20,-60,-30,4.281603069707952,0.232138,-4.049465069707952
850,SQ,20,-60,-40,4.281603069707952,1.872238,-2.4093650697079516
851,SQ,20,-60,-50,4.281603069707952,3.475504,-0.806099069707952
852,SQ,20,-60,-60,4.281603069707952,3.402533,-0.8790700697079519
853,SQ,20,-60,-70,4.281603069707952,3.852177,-0.4294260697079517
854,SQ,20,-60,-80,4.281603069707952,3.869656,-0.4119470697079519
855,SQ,20,-60,-90,4.281603069707952,3.481175,-0.800428069707952
856,SQ,20,-50,-20,4.281603069707952,0.358308,-3.923295069707952
857,SQ,20,-50,-30,4.281603069707952,0.140425,-4.141178069707952
858,SQ,20,-50,-40,4.281603069707952,1.751387,-2.5302160697079517
859,SQ,20,-50,-50,4.281603069707952,5.285135,1.0035319302920485
860,SQ,20,-50,-60,4.281603069707952,4.123957,-0.15764606970795203
861,SQ,20,-50,-70,4.281603069707952,4.608805,0.32720193029204836
862,SQ,20,-50,-80,4.281603069707952,4.246752,-0.03485106970795204
863,SQ,20,-50,-90,4.281603069707952,4.183179,-0.09842406970795192
864,SQ,20,-40,-20,4.281603069707952,0.46044,-3.8211630697079517
865,SQ,20,-40,-30,4.281603069707952,0.436564,-3.8450390697079517
866,SQ,20,-40,-40,4.281603069707952,2.178845,-2.102758069707952
867,SQ,20,-40,-50,4.281603069707952,3.384742,-0.8968610697079518
868,SQ,20,-40,-60,4.281603069707952,3.083615,-1.197988069707952
869,SQ,20,-40,-70,4.281603069707952,2.927602,-1.354001069707952
870,SQ,20,-40,-80,4.281603069707952,2.731258,-1.550345069707952
871,SQ,20,-40,-90,4.281603069707952,3.443973,-0.8376300697079517
872,SQ,20,-30,-20,4.281603069707952,1.653709,-2.627894069707952
873,SQ,20,-30,-30,4.281603069707952,2.559386,-1.722217069707952
874,SQ,20,-30,-40,4.281603069707952,2.719643,-1.5619600697079519
875,SQ,20,-30,-50,4.281603069707952,3.4884,-0.793203069707952
876,SQ,20,-30,-60,4.281603069707952,3.281088,-1.000515069707952
877,SQ,20,-30,-70,4.281603069707952,3.419103,-0.8625000697079521
878,SQ,20,-30,-80,4.281603069707952,2.948668,-1.3329350697079518
879,SQ,20,-30,-90,4.281603069707952,2.965766,-1.315837069707952
880,SQ,20,-20,-20,4.281603069707952,2.192174,-2.089429069707952
881,SQ,20,-20,-30,4.281603069707952,2.564704,-1.716899069707952
882,SQ,20,-20,-40,4.281603069707952,2.618056,-1.6635470697079517
883,SQ,20,-20,-50,4.281603069707952,3.181867,-1.099736069707952
884,SQ,20,-20,-60,4.281603069707952,2.664587,-1.6170160697079519
885,SQ,20,-20,-70,4.281603069707952,2.840386,-1.4412170697079518
886,SQ,20,-20,-80,4.281603069707952,2.563784,-1.7178190697079518
887,SQ,20,-20,-90,4.281603069707952,2.532192,-1.7494110697079517
888,SQ,20,-10,-20,4.281603069707952,0.686055,-3.595548069707952
889,SQ,20,-10,-30,4.281603069707952,1.08186,-3.199743069707952
890,SQ,20,-10,-40,4.281603069707952,1.192967,-3.0886360697079516
891,SQ,20,-10,-50,4.281603069707952,1.884942,-2.3966610697079522
892,SQ,20,-10,-60,4.281603069707952,1.740669,-2.540934069707952
893,SQ,20,-10,-70,4.281603069707952,1.872129,-2.4094740697079517
894,SQ,20,-10,-80,4.281603069707952,1.743619,-2.537984069707952
895,SQ,20,-10,-90,4.281603069707952,1.867151,-2.414452069707952
896,SQ,35,-80,-20,4.51804008908686,1.87292,-2.64512008908686
897,SQ,35,-80,-30,4.51804008908686,3.83884,-0.6792000890868599
898,SQ,35,-80,-40,4.51804008908686,4.734859,0.21681891091314043
899,SQ,35,-80,-50,4.51804008908686,1.076525,-3.4415150890868595
900,SQ,35,-80,-60,4.51804008908686,0.692658,-3.82538208908686
901,SQ,35,-80,-70,4.51804008908686,0.994162,-3.5238780890868595
902,SQ,35,-80,-80,4.51804008908686,4.100461,-0.4175790890868596
903,SQ,35,-80,-90,4.51804008908686,4.199771,-0.3182690890868596
904,SQ,35,-70,-20,4.51804008908686,1.910204,-2.6078360890868595
905,SQ,35,-70,-30,4.51804008908686,3.90169,-0.6163500890868598
906,SQ,35,-70,-40,4.51804008908686,4.110375,-0.4076650890868594
907,SQ,35,-70,-50,4.51804008908686,0.774795,-3.7432450890868596
908,SQ,35,-70,-60,4.51804008908686,4.476738,-0.04130208908685962
909,SQ,35,-70,-70,4.51804008908686,5.023016,0.5049759109131404
910,SQ,35,-70,-80,4.51804008908686,3.482494,-1.0355460890868597
911,SQ,35,-70,-90,4.51804008908686,3.363103,-1.1549370890868595
912,SQ,35,-60,-20,4.51804008908686,1.358115,-3.15992508908686
913,SQ,35,-60,-30,4.51804008908686,3.087634,-1.4304060890868597
914,SQ,35,-60,-40,4.51804008908686,3.577747,-0.9402930890868597
915,SQ,35,-60,-50,4.51804008908686,0.692063,-3.8259770890868596
916,SQ,35,-60,-60,4.51804008908686,2.612475,-1.9055650890868598
917,SQ,35,-60,-70,4.51804008908686,2.70223,-1.8158100890868596
918,SQ,35,-60,-80,4.51804008908686,2.697437,-1.8206030890868599
919,SQ,35,-60,-90,4.51804008908686,1.802309,-2.7157310890868596
920,SQ,35,-50,-20,4.51804008908686,2.197507,-2.32053308908686
921,SQ,35,-50,-30,4.51804008908686,4.073203,-0.44483708908685937
922,SQ,35,-50,-40,4.51804008908686,3.85919,-0.6588500890868598
923,SQ,35,-50,-50,4.51804008908686,2.718168,-1.7998720890868598
924,SQ,35,-50,-60,4.51804008908686,2.834219,-1.6838210890868597
925,SQ,35,-50,-70,4.51804008908686,3.51646,-1.0015800890868598
926,SQ,35,-50,-80,4.51804008908686,2.891989,-1.6260510890868596
927,SQ,35,-50,-90,4.51804008908686,2.979711,-1.5383290890868597
928,SQ,35,-40,-20,4.51804008908686,1.378088,-3.1399520890868597
929,SQ,35,-40,-30,4.51804008908686,2.665402,-1.85263808908686
930,SQ,35,-40,-40,4.51804008908686,2.147811,-2.37022908908686
931,SQ,35,-40,-50,4.51804008908686,2.080952,-2.43708808908686
932,SQ,35,-40,-60,4.51804008908686,2.114653,-2.4033870890868596
933,SQ,35,-40,-70,4.51804008908686,3.170898,-1.3471420890868595
934,SQ,35,-40,-80,4.51804008908686,2.721306,-1.79673408908686
935,SQ,35,-40,-90,4.51804008908686,3.52271,-0.9953300890868597
936,SQ,35,-30,-20,4.51804008908686,0.812219,-3.70582108908686
937,SQ,35,-30,-30,4.51804008908686,1.911886,-2.6061540890868597
938,SQ,35,-30,-40,4.51804008908686,2.032206,-2.4858340890868598
939,SQ,35,-30,-50,4.51804008908686,1.801006,-2.7170340890868596
940,SQ,35,-30,-60,4.51804008908686,1.618712,-2.89932808908686
941,SQ,35,-30,-70,4.51804008908686,2.318475,-2.19956508908686
942,SQ,35,-30,-80,4.51804008908686,2.424278,-2.0937620890868596
943,SQ,35,-30,-90,4.51804008908686,2.462242,-2.05579808908686
944,SQ,35,-20,-20,4.51804008908686,1.371176,-3.1468640890868596
945,SQ,35,-20,-30,4.51804008908686,1.658312,-2.8597280890868597
946,SQ,35,-20,-40,4.51804008908686,1.874996,-2.6430440890868594
947,SQ,35,-20,-50,4.51804008908686,1.612024,-2.90601608908686
948,SQ,35,-20,-60,4.51804008908686,1.53069,-2.98735008908686
949,SQ,35,-20,-70,4.51804008908686,2.351815,-2.1662250890868595
950,SQ,35,-20,-80,4.51804008908686,2.458811,-2.05922908908686
951,SQ,35,-20,-90,4.51804008908686,2.610869,-1.9071710890868596
952,SQ,35,-10,-20,4.51804008908686,0.624244,-3.8937960890868597
953,SQ,35,-10,-30,4.51804008908686,0.676752,-3.8412880890868597
954,SQ,35,-10,-40,4.51804008908686,1.084168,-3.4338720890868597
955,SQ,35,-10,-50,4.51804008908686,0.790527,-3.7275130890868597
956,SQ,35,-10,-60,4.51804008908686,0.814416,-3.7036240890868597
957,SQ,35,-10,-70,4.51804008908686,1.570568,-2.94747208908686
958,SQ,35,-10,-80,4.51804008908686,1.65256,-2.8654800890868595
959,SQ,35,-10,-90,4.51804008908686,1.952698,-2.56534208908686
960,SQ,50,-80,-20,3.517870167760758,0.802096,-2.715774167760758
961,SQ,50,-80,-30,3.517870167760758,0.954351,-2.563519167760758
962,SQ,50,-80,-40,3.517870167760758,-0.027346,-3.545216167760758
963,SQ,50,-80,-50,3.517870167760758,-0.162614,-3.680484167760758
964,SQ,50,-80,-60,3.517870167760758,-0.243066,-3.7609361677607582
965,SQ,50,-80,-70,3.517870167760758,-0.346643,-3.864513167760758
966,SQ,50,-80,-80,3.517870167760758,1.871837,-1.646033167760758
967,SQ,50,-80,-90,3.517870167760758,2.350738,-1.1671321677607578
968,SQ,50,-70,-20,3.517870167760758,2.159282,-1.3585881677607579
969,SQ,50,-70,-30,3.517870167760758,3.233699,-0.2841711677607579
970,SQ,50,-70,-40,3.517870167760758,1.12269,-2.395180167760758
971,SQ,50,-70,-50,3.517870167760758,1.086904,-2.430966167760758
972,SQ,50,-70,-60,3.517870167760758,4.496811,0.9789408322392421
973,SQ,50,-70,-70,3.517870167760758,4.914298,1.3964278322392416
974,SQ,50,-70,-80,3.517870167760758,4.082229,0.5643588322392419
975,SQ,50,-70,-90,3.517870167760758,4.179707,0.6618368322392416
976,SQ,50,-60,-20,3.517870167760758,2.233888,-1.2839821677607581
977,SQ,50,-60,-30,3.517870167760758,3.10053,-0.417340167760758
978,SQ,50,-60,-40,3.517870167760758,0.633792,-2.884078167760758
979,SQ,50,-60,-50,3.517870167760758,1.167624,-2.350246167760758
980,SQ,50,-60,-60,3.517870167760758,3.230658,-0.287212167760758
981,SQ,50,-60,-70,3.517870167760758,3.094679,-0.4231911677607578
982,SQ,50,-60,-80,3.517870167760758,3.101994,-0.4158761677607581
983,SQ,50,-60,-90,3.517870167760758,3.326888,-0.19098216776075816
984,SQ,50,-50,-20,3.517870167760758,2.707683,-0.8101871677607582
985,SQ,50,-50,-30,3.517870167760758,2.99366,-0.5242101677607578
986,SQ,50,-50,-40,3.517870167760758,0.370252,-3.1476181677607578
987,SQ,50,-50,-50,3.517870167760758,2.501733,-1.0161371677607578
988,SQ,50,-50,-60,3.517870167760758,2.300553,-1.2173171677607582
989,SQ,50,-50,-70,3.517870167760758,2.725967,-0.7919031677607582
990,SQ,50,-50,-80,3.517870167760758,2.944079,-0.5737911677607581
991,SQ,50,-50,-90,3.517870167760758,3.926242,0.4083718322392418
992,SQ,50,-40,-20,3.517870167760758,2.61614,-0.9017301677607579
993,SQ,50,-40,-30,3.517870167760758,2.694931,-0.822939167760758
994,SQ,50,-40,-40,3.517870167760758,1.417395,-2.100475167760758
995,SQ,50,-40,-50,3.517870167760758,1.748891,-1.768979167760758
996,SQ,50,-40,-60,3.517870167760758,1.286835,-2.231035167760758
997,SQ,50,-40,-70,3.517870167760758,1.647668,-1.870202167760758
998,SQ,50,-40,-80,3.517870167760758,1.924033,-1.593837167760758
999,SQ,50,-40,-90,3.517870167760758,3.00209,-0.5157801677607581
1000,SQ,50,-30,-20,3.517870167760758,1.039566,-2.478304167760758
1001,SQ,50,-30,-30,3.517870167760758,0.991001,-2.5268691677607578
1002,SQ,50,-30,-40,3.517870167760758,0.86929,-2.648580167760758
1003,SQ,50,-30,-50,3.517870167760758,1.248671,-2.2691991677607577
1004,SQ,50,-30,-60,3.517870167760758,0.882121,-2.635749167760758
1005,SQ,50,-30,-70,3.517870167760758,1.526557,-1.991313167760758
1006,SQ,50,-30,-80,3.517870167760758,1.908339,-1.609531167760758
1007,SQ,50,-30,-90,3.517870167760758,2.303638,-1.2142321677607582
1008,SQ,50,-20,-20,3.517870167760758,1.096715,-2.421155167760758
1009,SQ,50,-20,-30,3.517870167760758,1.153073,-2.364797167760758
1010,SQ,50,-20,-40,3.517870167760758,0.973985,-2.543885167760758
1011,SQ,50,-20,-50,3.517870167760758,1.306564,-2.2113061677607577
1012,SQ,50,-20,-60,3.517870167760758,1.068872,-2.4489981677607577
1013,SQ,50,-20,-70,3.517870167760758,1.6708,-1.847070167760758
1014,SQ,50,-20,-80,3.517870167760758,1.547572,-1.970298167760758
1015,SQ,50,-20,-90,3.517870167760758,1.970908,-1.546962167760758
1016,SQ,50,-10,-20,3.517870167760758,0.698081,-2.8197891677607583
1017,SQ,50,-10,-30,3.517870167760758,0.851238,-2.666632167760758
1018,SQ,50,-10,-40,3.517870167760758,0.891806,-2.626064167760758
1019,SQ,50,-10,-50,3.517870167760758,0.948456,-2.5694141677607583
1020,SQ,50,-10,-60,3.517870167760758,0.833643,-2.684227167760758
1021,SQ,50,-10,-70,3.517870167760758,1.586405,-1.931465167760758
1022,SQ,50,-10,-80,3.517870167760758,1.555934,-1.961936167760758
1023,SQ,50,-10,-90,3.517870167760758,1.784628,-1.733242167760758
1024,SQ,65,-80,-20,4.402529437418229,1.451443,-2.951086437418229
1025,SQ,65,-80,-30,4.402529437418229,1.07084,-3.331689437418229
1026,SQ,65,-80,-40,4.402529437418229,0.019252,-4.383277437418229
1027,SQ,65,-80,-50,4.402529437418229,-0.093101,-4.495630437418229
1028,SQ,65,-80,-60,4.402529437418229,-0.169899,-4.572428437418229
1029,SQ,65,-80,-70,4.402529437418229,-0.30215,-4.704679437418229
1030,SQ,65,-80,-80,4.402529437418229,1.739745,-2.662784437418229
1031,SQ,65,-80,-90,4.402529437418229,2.873768,-1.528761437418229
1032,SQ,65,-70,-20,4.402529437418229,1.901483,-2.5010464374182293
1033,SQ,65,-70,-30,4.402529437418229,1.451087,-2.951442437418229
1034,SQ,65,-70,-40,4.402529437418229,0.134702,-4.267827437418229
1035,SQ,65,-70,-50,4.402529437418229,0.00963,-4.3928994374182295
1036,SQ,65,-70,-60,4.402529437418229,1.908208,-2.494321437418229
1037,SQ,65,-70,-70,4.402529437418229,2.114724,-2.2878054374182293
1038,SQ,65,-70,-80,4.402529437418229,1.646918,-2.755611437418229
1039,SQ,65,-70,-90,4.402529437418229,1.893854,-2.508675437418229
1040,SQ,65,-60,-20,4.402529437418229,3.11528,-1.2872494374182293
1041,SQ,65,-60,-30,4.402529437418229,3.017509,-1.3850204374182291
1042,SQ,65,-60,-40,4.402529437418229,1.286037,-3.116492437418229
1043,SQ,65,-60,-50,4.402529437418229,1.202745,-3.199784437418229
1044,SQ,65,-60,-60,4.402529437418229,4.036814,-0.3657154374182294
1045,SQ,65,-60,-70,4.402529437418229,3.144089,-1.258440437418229
1046,SQ,65,-60,-80,4.402529437418229,2.603717,-1.798812437418229
1047,SQ,65,-60,-90,4.402529437418229,4.351879,-0.05065043741822883
1048,SQ,65,-50,-20,4.402529437418229,2.657717,-1.7448124374182292
1049,SQ,65,-50,-30,4.402529437418229,2.570812,-1.831717437418229
1050,SQ,65,-50,-40,4.402529437418229,0.816928,-3.5856014374182292
1051,SQ,65,-50,-50,4.402529437418229,3.565821,-0.836708437418229
1052,SQ,65,-50,-60,4.402529437418229,3.07693,-1.3255994374182292
1053,SQ,65,-50,-70,4.402529437418229,3.562849,-0.8396804374182292
1054,SQ,65,-50,-80,4.402529437418229,2.746023,-1.656506437418229
1055,SQ,65,-50,-90,4.402529437418229,3.41438,-0.9881494374182291
1056,SQ,65,-40,-20,4.402529437418229,3.381893,-1.0206364374182293
1057,SQ,65,-40,-30,4.402529437418229,1.763986,-2.638543437418229
1058,SQ,65,-40,-40,4.402529437418229,1.68472,-2.717809437418229
1059,SQ,65,-40,-50,4.402529437418229,2.498611,-1.9039184374182292
1060,SQ,65,-40,-60,4.402529437418229,1.598087,-2.804442437418229
1061,SQ,65,-40,-70,4.402529437418229,2.417271,-1.9852584374182292
1062,SQ,65,-40,-80,4.402529437418229,1.805615,-2.596914437418229
1063,SQ,65,-40,-90,4.402529437418229,2.622797,-1.7797324374182293
1064,SQ,65,-30,-20,4.402529437418229,2.935273,-1.467256437418229
1065,SQ,65,-30,-30,4.402529437418229,1.472987,-2.9295424374182293
1066,SQ,65,-30,-40,4.402529437418229,1.402478,-3.000051437418229
1067,SQ,65,-30,-50,4.402529437418229,2.162199,-2.240330437418229
1068,SQ,65,-30,-60,4.402529437418229,1.585938,-2.816591437418229
1069,SQ,65,-30,-70,4.402529437418229,2.133183,-2.2693464374182293
1070,SQ,65,-30,-80,4.402529437418229,1.634938,-2.767591437418229
1071,SQ,65,-30,-90,4.402529437418229,1.823764,-2.5787654374182294
1072,SQ,65,-20,-20,4.402529437418229,1.343876,-3.0586534374182293
1073,SQ,65,-20,-30,4.402529437418229,0.73327,-3.669259437418229
1074,SQ,65,-20,-40,4.402529437418229,0.95012,-3.452409437418229
1075,SQ,65,-20,-50,4.402529437418229,1.741267,-2.6612624374182294
1076,SQ,65,-20,-60,4.402529437418229,1.241769,-3.1607604374182294
1077,SQ,65,-20,-70,4.402529437418229,1.716094,-2.686435437418229
1078,SQ,65,-20,-80,4.402529437418229,1.284119,-3.118410437418229
1079,SQ,65,-20,-90,4.402529437418229,1.51309,-2.889439437418229
1080,SQ,65,-10,-20,4.402529437418229,1.076737,-3.325792437418229
1081,SQ,65,-10,-30,4.402529437418229,0.756629,-3.645900437418229
1082,SQ,65,-10,-40,4.402529437418229,1.160134,-3.242395437418229
1083,SQ,65,-10,-50,4.402529437418229,1.534908,-2.8676214374182294
1084,SQ,65,-10,-60,4.402529437418229,1.072943,-3.329586437418229
1085,SQ,65,-10,-70,4.402529437418229,1.551042,-2.8514874374182293
1086,SQ,65,-10,-80,4.402529437418229,1.145306,-3.2572234374182294
1087,SQ,65,-10,-90,4.402529437418229,1.205111,-3.197418437418229
1088,SQ,80,-80,-20,4.208324574311541,1.870012,-2.3383125743115407
1089,SQ,80,-80,-30,4.208324574311541,1.438724,-2.769600574311541
1090,SQ,80,-80,-40,4.208324574311541,0.079026,-4.129298574311541
1091,SQ,80,-80,-50,4.208324574311541,-0.044056,-4.252380574311541
1092,SQ,80,-80,-60,4.208324574311541,-0.12905,-4.337374574311541
1093,SQ,80,-80,-70,4.208324574311541,-0.327168,-4.535492574311541
1094,SQ,80,-80,-80,4.208324574311541,2.230464,-1.9778605743115407
1095,SQ,80,-80,-90,4.208324574311541,2.899037,-1.3092875743115409
1096,SQ,80,-70,-20,4.208324574311541,2.341234,-1.8670905743115407
1097,SQ,80,-70,-30,4.208324574311541,1.839106,-2.3692185743115406
1098,SQ,80,-70,-40,4.208324574311541,0.240501,-3.9678235743115406
1099,SQ,80,-70,-50,4.208324574311541,0.128824,-4.079500574311541
1100,SQ,80,-70,-60,4.208324574311541,3.022563,-1.1857615743115408
1101,SQ,80,-70,-70,4.208324574311541,1.545164,-2.663160574311541
1102,SQ,80,-70,-80,4.208324574311541,1.915341,-2.292983574311541
1103,SQ,80,-70,-90,4.208324574311541,1.961497,-2.2468275743115407
1104,SQ,80,-60,-20,4.208324574311541,1.835193,-2.3731315743115404
1105,SQ,80,-60,-30,4.208324574311541,1.409122,-2.7992025743115407
1106,SQ,80,-60,-40,4.208324574311541,0.041615,-4.1667095743115405
1107,SQ,80,-60,-50,4.208324574311541,-0.129991,-4.338315574311541
1108,SQ,80,-60,-60,4.208324574311541,1.247007,-2.9613175743115407
1109,SQ,80,-60,-70,4.208324574311541,1.046052,-3.1622725743115407
1110,SQ,80,-60,-80,4.208324574311541,1.440208,-2.7681165743115406
1111,SQ,80,-60,-90,4.208324574311541,1.670611,-2.5377135743115407
1112,SQ,80,-50,-20,4.208324574311541,2.026724,-2.1816005743115405
1113,SQ,80,-50,-30,4.208324574311541,1.813996,-2.394328574311541
1114,SQ,80,-50,-40,4.208324574311541,0.201795,-4.006529574311541
1115,SQ,80,-50,-50,4.208324574311541,2.601394,-1.6069305743115407
1116,SQ,80,-50,-60,4.208324574311541,1.860264,-2.348060574311541
1117,SQ,80,-50,-70,4.208324574311541,1.811893,-2.3964315743115407
1118,SQ,80,-50,-80,4.208324574311541,1.968469,-2.239855574311541
1119,SQ,80,-50,-90,4.208324574311541,2.467905,-1.7404195743115407
1120,SQ,80,-40,-20,4.208324574311541,2.571352,-1.6369725743115406
1121,SQ,80,-40,-30,4.208324574311541,1.592357,-2.615967574311541
1122,SQ,80,-40,-40,4.208324574311541,2.101168,-2.107156574311541
1123,SQ,80,-40,-50,4.208324574311541,3.088075,-1.1202495743115408
1124,SQ,80,-40,-60,4.208324574311541,1.919412,-2.288912574311541
1125,SQ,80,-40,-70,4.208324574311541,1.811976,-2.3963485743115407
1126,SQ,80,-40,-80,4.208324574311541,2.113939,-2.094385574311541
1127,SQ,80,-40,-90,4.208324574311541,2.238493,-1.9698315743115407
1128,SQ,80,-30,-20,4.208324574311541,2.115974,-2.0923505743115407
1129,SQ,80,-30,-30,4.208324574311541,2.185007,-2.0233175743115406
1130,SQ,80,-30,-40,4.208324574311541,1.845444,-2.3628805743115406
1131,SQ,80,-30,-50,4.208324574311541,2.489911,-1.7184135743115405
1132,SQ,80,-30,-60,4.208324574311541,1.639426,-2.5688985743115405
1133,SQ,80,-30,-70,4.208324574311541,1.670209,-2.538115574311541
1134,SQ,80,-30,-80,4.208324574311541,1.612686,-2.5956385743115407
1135,SQ,80,-30,-90,4.208324574311541,1.717183,-2.491141574311541
1136,SQ,80,-20,-20,4.208324574311541,1.37396,-2.8343645743115404
1137,SQ,80,-20,-30,4.208324574311541,1.330628,-2.877696574311541
1138,SQ,80,-20,-40,4.208324574311541,1.193907,-3.0144175743115404
1139,SQ,80,-20,-50,4.208324574311541,1.895998,-2.3123265743115407
1140,SQ,80,-20,-60,4.208324574311541,1.190212,-3.018112574311541
1141,SQ,80,-20,-70,4.208324574311541,1.215808,-2.9925165743115407
1142,SQ,80,-20,-80,4.208324574311541,1.167941,-3.040383574311541
1143,SQ,80,-20,-90,4.208324574311541,1.314821,-2.8935035743115405
1144,SQ,80,-10,-20,4.208324574311541,0.967621,-3.240703574311541
1145,SQ,80,-10,-30,4.208324574311541,0.904056,-3.304268574311541
1146,SQ,80,-10,-40,4.208324574311541,0.914319,-3.294005574311541
1147,SQ,80,-10,-50,4.208324574311541,1.611766,-2.5965585743115405
1148,SQ,80,-10,-60,4.208324574311541,1.006242,-3.2020825743115404
1149,SQ,80,-10,-70,4.208324574311541,1.029649,-3.1786755743115407
1150,SQ,80,-10,-80,4.208324574311541,0.985929,-3.2223955743115407
1151,SQ,80,-10,-90,4.208324574311541,0.980878,-3.2274465743115406
